Fecha,Visualizaciones
2009-10-25,0
2009-10-26,0
2009-10-27,0
2009-10-28,0
2009-10-29,0
2009-10-30,0
2009-10-31,0
2009-11-01,0
2009-11-02,0
2009-11-03,0
2009-11-04,0
2009-11-05,0
2009-11-06,0
2009-11-07,0
2009-11-08,0
2009-11-09,0
2009-11-10,0
2009-11-11,0
2009-11-12,0
2009-11-13,0
2009-11-14,0
2009-11-15,0
2009-11-16,0
2009-11-17,0
2009-11-18,0
2009-11-19,0
2009-11-20,0
2009-11-21,0
2009-11-22,0
2009-11-23,0
2009-11-24,0
2009-11-25,0
2009-11-26,0
2009-11-27,0
2009-11-28,0
2009-11-29,0
2009-11-30,0
2009-12-01,0
2009-12-02,0
2009-12-03,0
2009-12-04,0
2009-12-05,0
2009-12-06,0
2009-12-07,0
2009-12-08,0
2009-12-09,0
2009-12-10,0
2009-12-11,0
2009-12-12,0
2009-12-13,0
2009-12-14,0
2009-12-15,0
2009-12-16,0
2009-12-17,0
2009-12-18,0
2009-12-19,0
2009-12-20,0
2009-12-21,0
2009-12-22,0
2009-12-23,0
2009-12-24,0
2009-12-25,0
2009-12-26,0
2009-12-27,0
2009-12-28,0
2009-12-29,0
2009-12-30,0
2009-12-31,0
2010-01-01,0
2010-01-02,0
2010-01-03,0
2010-01-04,0
2010-01-05,0
2010-01-06,0
2010-01-07,0
2010-01-08,0
2010-01-09,0
2010-01-10,0
2010-01-11,0
2010-01-12,0
2010-01-13,0
2010-01-14,0
2010-01-15,0
2010-01-16,0
2010-01-17,0
2010-01-18,0
2010-01-19,0
2010-01-20,0
2010-01-21,0
2010-01-22,0
2010-01-23,0
2010-01-24,0
2010-01-25,0
2010-01-26,0
2010-01-27,0
2010-01-28,0
2010-01-29,0
2010-01-30,0
2010-01-31,0
2010-02-01,0
2010-02-02,0
2010-02-03,0
2010-02-04,0
2010-02-05,0
2010-02-06,0
2010-02-07,0
2010-02-08,0
2010-02-09,0
2010-02-10,0
2010-02-11,0
2010-02-12,0
2010-02-13,0
2010-02-14,0
2010-02-15,0
2010-02-16,0
2010-02-17,0
2010-02-18,0
2010-02-19,0
2010-02-20,0
2010-02-21,0
2010-02-22,0
2010-02-23,0
2010-02-24,0
2010-02-25,0
2010-02-26,0
2010-02-27,0
2010-02-28,0
2010-03-01,0
2010-03-02,0
2010-03-03,0
2010-03-04,0
2010-03-05,0
2010-03-06,0
2010-03-07,0
2010-03-08,0
2010-03-09,0
2010-03-10,0
2010-03-11,0
2010-03-12,0
2010-03-13,0
2010-03-14,0
2010-03-15,0
2010-03-16,0
2010-03-17,0
2010-03-18,0
2010-03-19,0
2010-03-20,0
2010-03-21,0
2010-03-22,0
2010-03-23,0
2010-03-24,0
2010-03-25,0
2010-03-26,0
2010-03-27,0
2010-03-28,0
2010-03-29,0
2010-03-30,0
2010-03-31,0
2010-04-01,0
2010-04-02,0
2010-04-03,0
2010-04-04,0
2010-04-05,0
2010-04-06,0
2010-04-07,0
2010-04-08,0
2010-04-09,0
2010-04-10,0
2010-04-11,0
2010-04-12,0
2010-04-13,0
2010-04-14,0
2010-04-15,0
2010-04-16,0
2010-04-17,0
2010-04-18,0
2010-04-19,0
2010-04-20,0
2010-04-21,0
2010-04-22,0
2010-04-23,0
2010-04-24,0
2010-04-25,0
2010-04-26,0
2010-04-27,0
2010-04-28,0
2010-04-29,0
2010-04-30,0
2010-05-01,0
2010-05-02,0
2010-05-03,0
2010-05-04,0
2010-05-05,0
2010-05-06,0
2010-05-07,0
2010-05-08,0
2010-05-09,0
2010-05-10,0
2010-05-11,0
2010-05-12,0
2010-05-13,0
2010-05-14,0
2010-05-15,0
2010-05-16,0
2010-05-17,0
2010-05-18,0
2010-05-19,0
2010-05-20,0
2010-05-21,0
2010-05-22,0
2010-05-23,0
2010-05-24,0
2010-05-25,0
2010-05-26,0
2010-05-27,0
2010-05-28,0
2010-05-29,0
2010-05-30,0
2010-05-31,0
2010-06-01,0
2010-06-02,0
2010-06-03,0
2010-06-04,0
2010-06-05,0
2010-06-06,0
2010-06-07,0
2010-06-08,0
2010-06-09,0
2010-06-10,0
2010-06-11,0
2010-06-12,0
2010-06-13,0
2010-06-14,0
2010-06-15,0
2010-06-16,0
2010-06-17,0
2010-06-18,0
2010-06-19,0
2010-06-20,0
2010-06-21,0
2010-06-22,0
2010-06-23,0
2010-06-24,0
2010-06-25,0
2010-06-26,0
2010-06-27,0
2010-06-28,0
2010-06-29,0
2010-06-30,0
2010-07-01,0
2010-07-02,0
2010-07-03,0
2010-07-04,0
2010-07-05,0
2010-07-06,0
2010-07-07,0
2010-07-08,0
2010-07-09,0
2010-07-10,0
2010-07-11,0
2010-07-12,0
2010-07-13,0
2010-07-14,0
2010-07-15,0
2010-07-16,0
2010-07-17,0
2010-07-18,0
2010-07-19,0
2010-07-20,0
2010-07-21,0
2010-07-22,0
2010-07-23,0
2010-07-24,0
2010-07-25,0
2010-07-26,0
2010-07-27,0
2010-07-28,0
2010-07-29,0
2010-07-30,0
2010-07-31,0
2010-08-01,0
2010-08-02,0
2010-08-03,0
2010-08-04,0
2010-08-05,0
2010-08-06,0
2010-08-07,0
2010-08-08,0
2010-08-09,0
2010-08-10,0
2010-08-11,0
2010-08-12,0
2010-08-13,0
2010-08-14,0
2010-08-15,0
2010-08-16,0
2010-08-17,0
2010-08-18,0
2010-08-19,0
2010-08-20,0
2010-08-21,0
2010-08-22,0
2010-08-23,0
2010-08-24,0
2010-08-25,0
2010-08-26,0
2010-08-27,0
2010-08-28,0
2010-08-29,0
2010-08-30,0
2010-08-31,0
2010-09-01,0
2010-09-02,0
2010-09-03,0
2010-09-04,0
2010-09-05,0
2010-09-06,0
2010-09-07,0
2010-09-08,0
2010-09-09,0
2010-09-10,0
2010-09-11,0
2010-09-12,0
2010-09-13,0
2010-09-14,0
2010-09-15,0
2010-09-16,0
2010-09-17,0
2010-09-18,0
2010-09-19,0
2010-09-20,0
2010-09-21,0
2010-09-22,0
2010-09-23,0
2010-09-24,0
2010-09-25,0
2010-09-26,0
2010-09-27,0
2010-09-28,0
2010-09-29,0
2010-09-30,0
2010-10-01,0
2010-10-02,0
2010-10-03,0
2010-10-04,0
2010-10-05,0
2010-10-06,0
2010-10-07,0
2010-10-08,0
2010-10-09,0
2010-10-10,0
2010-10-11,0
2010-10-12,0
2010-10-13,0
2010-10-14,0
2010-10-15,0
2010-10-16,0
2010-10-17,0
2010-10-18,0
2010-10-19,0
2010-10-20,0
2010-10-21,0
2010-10-22,0
2010-10-23,0
2010-10-24,0
2010-10-25,0
2010-10-26,0
2010-10-27,0
2010-10-28,0
2010-10-29,0
2010-10-30,0
2010-10-31,0
2010-11-01,0
2010-11-02,0
2010-11-03,0
2010-11-04,0
2010-11-05,0
2010-11-06,0
2010-11-07,0
2010-11-08,0
2010-11-09,0
2010-11-10,0
2010-11-11,0
2010-11-12,0
2010-11-13,0
2010-11-14,0
2010-11-15,0
2010-11-16,0
2010-11-17,0
2010-11-18,0
2010-11-19,0
2010-11-20,0
2010-11-21,0
2010-11-22,0
2010-11-23,0
2010-11-24,0
2010-11-25,0
2010-11-26,0
2010-11-27,0
2010-11-28,0
2010-11-29,0
2010-11-30,0
2010-12-01,0
2010-12-02,0
2010-12-03,0
2010-12-04,0
2010-12-05,0
2010-12-06,0
2010-12-07,0
2010-12-08,0
2010-12-09,0
2010-12-10,0
2010-12-11,0
2010-12-12,0
2010-12-13,0
2010-12-14,0
2010-12-15,0
2010-12-16,0
2010-12-17,0
2010-12-18,0
2010-12-19,0
2010-12-20,0
2010-12-21,0
2010-12-22,0
2010-12-23,0
2010-12-24,0
2010-12-25,0
2010-12-26,0
2010-12-27,0
2010-12-28,0
2010-12-29,0
2010-12-30,0
2010-12-31,0
2011-01-01,0
2011-01-02,0
2011-01-03,0
2011-01-04,0
2011-01-05,0
2011-01-06,0
2011-01-07,0
2011-01-08,0
2011-01-09,0
2011-01-10,0
2011-01-11,0
2011-01-12,0
2011-01-13,0
2011-01-14,0
2011-01-15,0
2011-01-16,0
2011-01-17,0
2011-01-18,0
2011-01-19,0
2011-01-20,0
2011-01-21,0
2011-01-22,0
2011-01-23,0
2011-01-24,0
2011-01-25,0
2011-01-26,0
2011-01-27,0
2011-01-28,0
2011-01-29,0
2011-01-30,0
2011-01-31,0
2011-02-01,0
2011-02-02,0
2011-02-03,0
2011-02-04,0
2011-02-05,0
2011-02-06,0
2011-02-07,0
2011-02-08,0
2011-02-09,0
2011-02-10,0
2011-02-11,0
2011-02-12,0
2011-02-13,0
2011-02-14,0
2011-02-15,0
2011-02-16,0
2011-02-17,0
2011-02-18,0
2011-02-19,0
2011-02-20,0
2011-02-21,0
2011-02-22,0
2011-02-23,0
2011-02-24,0
2011-02-25,0
2011-02-26,0
2011-02-27,0
2011-02-28,0
2011-03-01,0
2011-03-02,0
2011-03-03,0
2011-03-04,0
2011-03-05,0
2011-03-06,0
2011-03-07,0
2011-03-08,0
2011-03-09,0
2011-03-10,0
2011-03-11,0
2011-03-12,0
2011-03-13,0
2011-03-14,0
2011-03-15,0
2011-03-16,0
2011-03-17,0
2011-03-18,0
2011-03-19,0
2011-03-20,0
2011-03-21,0
2011-03-22,0
2011-03-23,0
2011-03-24,0
2011-03-25,0
2011-03-26,0
2011-03-27,0
2011-03-28,0
2011-03-29,0
2011-03-30,0
2011-03-31,0
2011-04-01,0
2011-04-02,0
2011-04-03,0
2011-04-04,0
2011-04-05,0
2011-04-06,0
2011-04-07,0
2011-04-08,0
2011-04-09,0
2011-04-10,0
2011-04-11,0
2011-04-12,0
2011-04-13,0
2011-04-14,0
2011-04-15,0
2011-04-16,0
2011-04-17,0
2011-04-18,0
2011-04-19,0
2011-04-20,0
2011-04-21,0
2011-04-22,0
2011-04-23,0
2011-04-24,0
2011-04-25,0
2011-04-26,0
2011-04-27,0
2011-04-28,0
2011-04-29,0
2011-04-30,0
2011-05-01,0
2011-05-02,0
2011-05-03,0
2011-05-04,0
2011-05-05,0
2011-05-06,0
2011-05-07,0
2011-05-08,0
2011-05-09,0
2011-05-10,0
2011-05-11,0
2011-05-12,0
2011-05-13,0
2011-05-14,0
2011-05-15,0
2011-05-16,0
2011-05-17,0
2011-05-18,0
2011-05-19,0
2011-05-20,0
2011-05-21,0
2011-05-22,0
2011-05-23,0
2011-05-24,0
2011-05-25,0
2011-05-26,0
2011-05-27,0
2011-05-28,0
2011-05-29,0
2011-05-30,0
2011-05-31,0
2011-06-01,0
2011-06-02,0
2011-06-03,0
2011-06-04,0
2011-06-05,0
2011-06-06,0
2011-06-07,0
2011-06-08,0
2011-06-09,0
2011-06-10,0
2011-06-11,0
2011-06-12,0
2011-06-13,0
2011-06-14,0
2011-06-15,0
2011-06-16,0
2011-06-17,0
2011-06-18,0
2011-06-19,0
2011-06-20,0
2011-06-21,0
2011-06-22,0
2011-06-23,0
2011-06-24,0
2011-06-25,0
2011-06-26,0
2011-06-27,0
2011-06-28,0
2011-06-29,0
2011-06-30,0
2011-07-01,0
2011-07-02,0
2011-07-03,0
2011-07-04,0
2011-07-05,0
2011-07-06,0
2011-07-07,0
2011-07-08,0
2011-07-09,0
2011-07-10,0
2011-07-11,0
2011-07-12,0
2011-07-13,0
2011-07-14,0
2011-07-15,0
2011-07-16,0
2011-07-17,0
2011-07-18,0
2011-07-19,0
2011-07-20,0
2011-07-21,0
2011-07-22,0
2011-07-23,0
2011-07-24,0
2011-07-25,0
2011-07-26,0
2011-07-27,0
2011-07-28,0
2011-07-29,0
2011-07-30,0
2011-07-31,0
2011-08-01,0
2011-08-02,0
2011-08-03,0
2011-08-04,0
2011-08-05,0
2011-08-06,0
2011-08-07,0
2011-08-08,0
2011-08-09,0
2011-08-10,0
2011-08-11,0
2011-08-12,0
2011-08-13,0
2011-08-14,0
2011-08-15,0
2011-08-16,0
2011-08-17,0
2011-08-18,0
2011-08-19,0
2011-08-20,0
2011-08-21,0
2011-08-22,0
2011-08-23,0
2011-08-24,0
2011-08-25,0
2011-08-26,0
2011-08-27,0
2011-08-28,0
2011-08-29,0
2011-08-30,0
2011-08-31,0
2011-09-01,0
2011-09-02,0
2011-09-03,0
2011-09-04,0
2011-09-05,0
2011-09-06,0
2011-09-07,0
2011-09-08,0
2011-09-09,0
2011-09-10,0
2011-09-11,0
2011-09-12,0
2011-09-13,0
2011-09-14,0
2011-09-15,0
2011-09-16,0
2011-09-17,0
2011-09-18,0
2011-09-19,0
2011-09-20,0
2011-09-21,0
2011-09-22,0
2011-09-23,0
2011-09-24,0
2011-09-25,0
2011-09-26,0
2011-09-27,0
2011-09-28,0
2011-09-29,0
2011-09-30,0
2011-10-01,0
2011-10-02,0
2011-10-03,0
2011-10-04,0
2011-10-05,0
2011-10-06,0
2011-10-07,0
2011-10-08,0
2011-10-09,0
2011-10-10,0
2011-10-11,0
2011-10-12,0
2011-10-13,0
2011-10-14,0
2011-10-15,0
2011-10-16,0
2011-10-17,0
2011-10-18,0
2011-10-19,0
2011-10-20,0
2011-10-21,0
2011-10-22,0
2011-10-23,0
2011-10-24,0
2011-10-25,0
2011-10-26,0
2011-10-27,0
2011-10-28,0
2011-10-29,0
2011-10-30,0
2011-10-31,0
2011-11-01,0
2011-11-02,0
2011-11-03,0
2011-11-04,0
2011-11-05,0
2011-11-06,0
2011-11-07,0
2011-11-08,0
2011-11-09,0
2011-11-10,0
2011-11-11,0
2011-11-12,0
2011-11-13,0
2011-11-14,0
2011-11-15,0
2011-11-16,0
2011-11-17,0
2011-11-18,0
2011-11-19,0
2011-11-20,0
2011-11-21,0
2011-11-22,0
2011-11-23,0
2011-11-24,0
2011-11-25,0
2011-11-26,0
2011-11-27,0
2011-11-28,0
2011-11-29,0
2011-11-30,0
2011-12-01,0
2011-12-02,0
2011-12-03,0
2011-12-04,0
2011-12-05,0
2011-12-06,0
2011-12-07,0
2011-12-08,0
2011-12-09,0
2011-12-10,0
2011-12-11,0
2011-12-12,0
2011-12-13,0
2011-12-14,0
2011-12-15,0
2011-12-16,0
2011-12-17,0
2011-12-18,0
2011-12-19,0
2011-12-20,0
2011-12-21,0
2011-12-22,0
2011-12-23,0
2011-12-24,0
2011-12-25,0
2011-12-26,0
2011-12-27,0
2011-12-28,0
2011-12-29,0
2011-12-30,0
2011-12-31,0
2012-01-01,0
2012-01-02,0
2012-01-03,0
2012-01-04,0
2012-01-05,0
2012-01-06,0
2012-01-07,0
2012-01-08,0
2012-01-09,0
2012-01-10,0
2012-01-11,0
2012-01-12,0
2012-01-13,0
2012-01-14,0
2012-01-15,0
2012-01-16,0
2012-01-17,0
2012-01-18,0
2012-01-19,0
2012-01-20,0
2012-01-21,0
2012-01-22,0
2012-01-23,0
2012-01-24,0
2012-01-25,0
2012-01-26,0
2012-01-27,0
2012-01-28,0
2012-01-29,0
2012-01-30,0
2012-01-31,0
2012-02-01,0
2012-02-02,0
2012-02-03,0
2012-02-04,0
2012-02-05,0
2012-02-06,0
2012-02-07,0
2012-02-08,0
2012-02-09,0
2012-02-10,0
2012-02-11,0
2012-02-12,0
2012-02-13,0
2012-02-14,0
2012-02-15,0
2012-02-16,0
2012-02-17,0
2012-02-18,0
2012-02-19,0
2012-02-20,0
2012-02-21,0
2012-02-22,0
2012-02-23,0
2012-02-24,0
2012-02-25,0
2012-02-26,0
2012-02-27,0
2012-02-28,0
2012-02-29,0
2012-03-01,0
2012-03-02,0
2012-03-03,0
2012-03-04,0
2012-03-05,0
2012-03-06,0
2012-03-07,0
2012-03-08,0
2012-03-09,0
2012-03-10,0
2012-03-11,0
2012-03-12,0
2012-03-13,0
2012-03-14,0
2012-03-15,0
2012-03-16,0
2012-03-17,0
2012-03-18,0
2012-03-19,0
2012-03-20,0
2012-03-21,0
2012-03-22,0
2012-03-23,0
2012-03-24,0
2012-03-25,0
2012-03-26,0
2012-03-27,0
2012-03-28,0
2012-03-29,0
2012-03-30,0
2012-03-31,0
2012-04-01,0
2012-04-02,0
2012-04-03,0
2012-04-04,0
2012-04-05,0
2012-04-06,0
2012-04-07,0
2012-04-08,0
2012-04-09,0
2012-04-10,0
2012-04-11,0
2012-04-12,0
2012-04-13,0
2012-04-14,0
2012-04-15,0
2012-04-16,0
2012-04-17,0
2012-04-18,0
2012-04-19,0
2012-04-20,0
2012-04-21,0
2012-04-22,0
2012-04-23,0
2012-04-24,0
2012-04-25,0
2012-04-26,0
2012-04-27,0
2012-04-28,0
2012-04-29,0
2012-04-30,0
2012-05-01,0
2012-05-02,0
2012-05-03,0
2012-05-04,0
2012-05-05,0
2012-05-06,0
2012-05-07,0
2012-05-08,0
2012-05-09,0
2012-05-10,0
2012-05-11,0
2012-05-12,0
2012-05-13,0
2012-05-14,0
2012-05-15,0
2012-05-16,0
2012-05-17,0
2012-05-18,0
2012-05-19,0
2012-05-20,0
2012-05-21,0
2012-05-22,0
2012-05-23,0
2012-05-24,0
2012-05-25,0
2012-05-26,0
2012-05-27,0
2012-05-28,0
2012-05-29,0
2012-05-30,0
2012-05-31,0
2012-06-01,0
2012-06-02,0
2012-06-03,0
2012-06-04,0
2012-06-05,0
2012-06-06,0
2012-06-07,0
2012-06-08,0
2012-06-09,0
2012-06-10,0
2012-06-11,0
2012-06-12,0
2012-06-13,0
2012-06-14,0
2012-06-15,0
2012-06-16,0
2012-06-17,0
2012-06-18,0
2012-06-19,0
2012-06-20,0
2012-06-21,0
2012-06-22,0
2012-06-23,0
2012-06-24,0
2012-06-25,0
2012-06-26,0
2012-06-27,0
2012-06-28,0
2012-06-29,0
2012-06-30,0
2012-07-01,0
2012-07-02,0
2012-07-03,0
2012-07-04,0
2012-07-05,0
2012-07-06,0
2012-07-07,0
2012-07-08,0
2012-07-09,0
2012-07-10,0
2012-07-11,0
2012-07-12,0
2012-07-13,0
2012-07-14,0
2012-07-15,0
2012-07-16,0
2012-07-17,0
2012-07-18,0
2012-07-19,0
2012-07-20,0
2012-07-21,0
2012-07-22,0
2012-07-23,0
2012-07-24,0
2012-07-25,0
2012-07-26,0
2012-07-27,0
2012-07-28,0
2012-07-29,0
2012-07-30,0
2012-07-31,0
2012-08-01,0
2012-08-02,0
2012-08-03,0
2012-08-04,0
2012-08-05,0
2012-08-06,0
2012-08-07,0
2012-08-08,0
2012-08-09,0
2012-08-10,0
2012-08-11,0
2012-08-12,0
2012-08-13,0
2012-08-14,0
2012-08-15,0
2012-08-16,0
2012-08-17,0
2012-08-18,0
2012-08-19,0
2012-08-20,0
2012-08-21,0
2012-08-22,0
2012-08-23,0
2012-08-24,0
2012-08-25,0
2012-08-26,0
2012-08-27,0
2012-08-28,0
2012-08-29,0
2012-08-30,0
2012-08-31,0
2012-09-01,0
2012-09-02,0
2012-09-03,0
2012-09-04,0
2012-09-05,0
2012-09-06,0
2012-09-07,0
2012-09-08,0
2012-09-09,0
2012-09-10,0
2012-09-11,0
2012-09-12,0
2012-09-13,0
2012-09-14,0
2012-09-15,0
2012-09-16,0
2012-09-17,0
2012-09-18,0
2012-09-19,0
2012-09-20,0
2012-09-21,0
2012-09-22,0
2012-09-23,0
2012-09-24,0
2012-09-25,0
2012-09-26,0
2012-09-27,0
2012-09-28,0
2012-09-29,0
2012-09-30,0
2012-10-01,0
2012-10-02,0
2012-10-03,0
2012-10-04,0
2012-10-05,0
2012-10-06,0
2012-10-07,0
2012-10-08,0
2012-10-09,0
2012-10-10,0
2012-10-11,0
2012-10-12,0
2012-10-13,0
2012-10-14,0
2012-10-15,0
2012-10-16,0
2012-10-17,0
2012-10-18,0
2012-10-19,0
2012-10-20,0
2012-10-21,0
2012-10-22,0
2012-10-23,0
2012-10-24,0
2012-10-25,0
2012-10-26,0
2012-10-27,0
2012-10-28,0
2012-10-29,0
2012-10-30,0
2012-10-31,0
2012-11-01,0
2012-11-02,0
2012-11-03,0
2012-11-04,0
2012-11-05,0
2012-11-06,0
2012-11-07,0
2012-11-08,0
2012-11-09,0
2012-11-10,0
2012-11-11,0
2012-11-12,0
2012-11-13,0
2012-11-14,0
2012-11-15,0
2012-11-16,0
2012-11-17,0
2012-11-18,0
2012-11-19,0
2012-11-20,0
2012-11-21,0
2012-11-22,0
2012-11-23,0
2012-11-24,0
2012-11-25,0
2012-11-26,0
2012-11-27,0
2012-11-28,0
2012-11-29,0
2012-11-30,0
2012-12-01,0
2012-12-02,0
2012-12-03,0
2012-12-04,0
2012-12-05,0
2012-12-06,0
2012-12-07,0
2012-12-08,0
2012-12-09,0
2012-12-10,0
2012-12-11,0
2012-12-12,0
2012-12-13,0
2012-12-14,0
2012-12-15,0
2012-12-16,0
2012-12-17,0
2012-12-18,0
2012-12-19,0
2012-12-20,0
2012-12-21,0
2012-12-22,0
2012-12-23,0
2012-12-24,0
2012-12-25,0
2012-12-26,0
2012-12-27,0
2012-12-28,0
2012-12-29,0
2012-12-30,0
2012-12-31,0
2013-01-01,0
2013-01-02,0
2013-01-03,0
2013-01-04,0
2013-01-05,0
2013-01-06,0
2013-01-07,0
2013-01-08,0
2013-01-09,0
2013-01-10,0
2013-01-11,0
2013-01-12,0
2013-01-13,0
2013-01-14,0
2013-01-15,0
2013-01-16,0
2013-01-17,0
2013-01-18,0
2013-01-19,0
2013-01-20,0
2013-01-21,0
2013-01-22,0
2013-01-23,0
2013-01-24,0
2013-01-25,0
2013-01-26,0
2013-01-27,0
2013-01-28,0
2013-01-29,0
2013-01-30,0
2013-01-31,0
2013-02-01,0
2013-02-02,0
2013-02-03,0
2013-02-04,0
2013-02-05,0
2013-02-06,0
2013-02-07,0
2013-02-08,0
2013-02-09,0
2013-02-10,0
2013-02-11,0
2013-02-12,0
2013-02-13,0
2013-02-14,0
2013-02-15,0
2013-02-16,0
2013-02-17,0
2013-02-18,0
2013-02-19,0
2013-02-20,0
2013-02-21,0
2013-02-22,0
2013-02-23,0
2013-02-24,0
2013-02-25,0
2013-02-26,0
2013-02-27,0
2013-02-28,0
2013-03-01,0
2013-03-02,0
2013-03-03,0
2013-03-04,0
2013-03-05,0
2013-03-06,0
2013-03-07,0
2013-03-08,0
2013-03-09,0
2013-03-10,0
2013-03-11,0
2013-03-12,0
2013-03-13,0
2013-03-14,0
2013-03-15,0
2013-03-16,0
2013-03-17,0
2013-03-18,0
2013-03-19,0
2013-03-20,0
2013-03-21,0
2013-03-22,0
2013-03-23,0
2013-03-24,0
2013-03-25,0
2013-03-26,0
2013-03-27,0
2013-03-28,0
2013-03-29,0
2013-03-30,0
2013-03-31,0
2013-04-01,0
2013-04-02,0
2013-04-03,0
2013-04-04,0
2013-04-05,0
2013-04-06,0
2013-04-07,0
2013-04-08,0
2013-04-09,0
2013-04-10,0
2013-04-11,0
2013-04-12,0
2013-04-13,0
2013-04-14,0
2013-04-15,0
2013-04-16,0
2013-04-17,0
2013-04-18,0
2013-04-19,0
2013-04-20,0
2013-04-21,0
2013-04-22,0
2013-04-23,0
2013-04-24,0
2013-04-25,0
2013-04-26,0
2013-04-27,0
2013-04-28,0
2013-04-29,0
2013-04-30,0
2013-05-01,0
2013-05-02,0
2013-05-03,0
2013-05-04,0
2013-05-05,0
2013-05-06,0
2013-05-07,0
2013-05-08,0
2013-05-09,0
2013-05-10,0
2013-05-11,0
2013-05-12,0
2013-05-13,0
2013-05-14,0
2013-05-15,0
2013-05-16,0
2013-05-17,0
2013-05-18,0
2013-05-19,0
2013-05-20,0
2013-05-21,0
2013-05-22,0
2013-05-23,0
2013-05-24,0
2013-05-25,0
2013-05-26,0
2013-05-27,0
2013-05-28,0
2013-05-29,0
2013-05-30,0
2013-05-31,0
2013-06-01,0
2013-06-02,0
2013-06-03,0
2013-06-04,0
2013-06-05,0
2013-06-06,0
2013-06-07,0
2013-06-08,0
2013-06-09,0
2013-06-10,0
2013-06-11,0
2013-06-12,0
2013-06-13,0
2013-06-14,0
2013-06-15,0
2013-06-16,0
2013-06-17,0
2013-06-18,0
2013-06-19,0
2013-06-20,0
2013-06-21,0
2013-06-22,0
2013-06-23,0
2013-06-24,0
2013-06-25,0
2013-06-26,0
2013-06-27,0
2013-06-28,0
2013-06-29,0
2013-06-30,0
2013-07-01,0
2013-07-02,0
2013-07-03,0
2013-07-04,0
2013-07-05,0
2013-07-06,0
2013-07-07,0
2013-07-08,0
2013-07-09,0
2013-07-10,0
2013-07-11,0
2013-07-12,0
2013-07-13,0
2013-07-14,0
2013-07-15,0
2013-07-16,0
2013-07-17,0
2013-07-18,0
2013-07-19,0
2013-07-20,0
2013-07-21,0
2013-07-22,0
2013-07-23,0
2013-07-24,0
2013-07-25,0
2013-07-26,0
2013-07-27,0
2013-07-28,0
2013-07-29,0
2013-07-30,0
2013-07-31,0
2013-08-01,0
2013-08-02,0
2013-08-03,0
2013-08-04,0
2013-08-05,0
2013-08-06,0
2013-08-07,0
2013-08-08,0
2013-08-09,0
2013-08-10,0
2013-08-11,0
2013-08-12,0
2013-08-13,0
2013-08-14,0
2013-08-15,0
2013-08-16,0
2013-08-17,0
2013-08-18,0
2013-08-19,0
2013-08-20,0
2013-08-21,0
2013-08-22,0
2013-08-23,0
2013-08-24,0
2013-08-25,0
2013-08-26,0
2013-08-27,0
2013-08-28,0
2013-08-29,0
2013-08-30,0
2013-08-31,0
2013-09-01,0
2013-09-02,0
2013-09-03,0
2013-09-04,0
2013-09-05,0
2013-09-06,0
2013-09-07,0
2013-09-08,0
2013-09-09,0
2013-09-10,0
2013-09-11,0
2013-09-12,0
2013-09-13,0
2013-09-14,0
2013-09-15,0
2013-09-16,0
2013-09-17,0
2013-09-18,0
2013-09-19,0
2013-09-20,0
2013-09-21,0
2013-09-22,0
2013-09-23,0
2013-09-24,0
2013-09-25,0
2013-09-26,0
2013-09-27,0
2013-09-28,0
2013-09-29,0
2013-09-30,0
2013-10-01,0
2013-10-02,0
2013-10-03,0
2013-10-04,0
2013-10-05,0
2013-10-06,0
2013-10-07,0
2013-10-08,0
2013-10-09,0
2013-10-10,0
2013-10-11,0
2013-10-12,0
2013-10-13,0
2013-10-14,0
2013-10-15,0
2013-10-16,0
2013-10-17,0
2013-10-18,0
2013-10-19,0
2013-10-20,0
2013-10-21,0
2013-10-22,0
2013-10-23,0
2013-10-24,0
2013-10-25,0
2013-10-26,0
2013-10-27,0
2013-10-28,0
2013-10-29,0
2013-10-30,0
2013-10-31,0
2013-11-01,0
2013-11-02,0
2013-11-03,0
2013-11-04,0
2013-11-05,0
2013-11-06,0
2013-11-07,0
2013-11-08,0
2013-11-09,0
2013-11-10,0
2013-11-11,0
2013-11-12,0
2013-11-13,0
2013-11-14,0
2013-11-15,0
2013-11-16,0
2013-11-17,0
2013-11-18,0
2013-11-19,0
2013-11-20,0
2013-11-21,0
2013-11-22,0
2013-11-23,0
2013-11-24,0
2013-11-25,0
2013-11-26,0
2013-11-27,0
2013-11-28,0
2013-11-29,0
2013-11-30,0
2013-12-01,0
2013-12-02,0
2013-12-03,0
2013-12-04,0
2013-12-05,0
2013-12-06,0
2013-12-07,0
2013-12-08,0
2013-12-09,0
2013-12-10,0
2013-12-11,0
2013-12-12,0
2013-12-13,0
2013-12-14,0
2013-12-15,0
2013-12-16,0
2013-12-17,0
2013-12-18,0
2013-12-19,0
2013-12-20,0
2013-12-21,0
2013-12-22,0
2013-12-23,0
2013-12-24,0
2013-12-25,0
2013-12-26,0
2013-12-27,0
2013-12-28,0
2013-12-29,0
2013-12-30,0
2013-12-31,0
2014-01-01,0
2014-01-02,0
2014-01-03,0
2014-01-04,0
2014-01-05,0
2014-01-06,0
2014-01-07,0
2014-01-08,0
2014-01-09,0
2014-01-10,0
2014-01-11,0
2014-01-12,0
2014-01-13,0
2014-01-14,0
2014-01-15,0
2014-01-16,0
2014-01-17,0
2014-01-18,0
2014-01-19,0
2014-01-20,0
2014-01-21,0
2014-01-22,0
2014-01-23,0
2014-01-24,0
2014-01-25,0
2014-01-26,0
2014-01-27,0
2014-01-28,0
2014-01-29,0
2014-01-30,0
2014-01-31,0
2014-02-01,0
2014-02-02,0
2014-02-03,0
2014-02-04,0
2014-02-05,0
2014-02-06,0
2014-02-07,0
2014-02-08,0
2014-02-09,0
2014-02-10,0
2014-02-11,0
2014-02-12,0
2014-02-13,0
2014-02-14,0
2014-02-15,0
2014-02-16,0
2014-02-17,0
2014-02-18,0
2014-02-19,0
2014-02-20,0
2014-02-21,0
2014-02-22,0
2014-02-23,0
2014-02-24,0
2014-02-25,0
2014-02-26,0
2014-02-27,0
2014-02-28,0
2014-03-01,0
2014-03-02,0
2014-03-03,0
2014-03-04,0
2014-03-05,0
2014-03-06,0
2014-03-07,0
2014-03-08,0
2014-03-09,0
2014-03-10,0
2014-03-11,0
2014-03-12,0
2014-03-13,0
2014-03-14,0
2014-03-15,0
2014-03-16,0
2014-03-17,0
2014-03-18,0
2014-03-19,0
2014-03-20,0
2014-03-21,0
2014-03-22,0
2014-03-23,0
2014-03-24,0
2014-03-25,0
2014-03-26,0
2014-03-27,0
2014-03-28,0
2014-03-29,0
2014-03-30,0
2014-03-31,0
2014-04-01,0
2014-04-02,0
2014-04-03,0
2014-04-04,0
2014-04-05,0
2014-04-06,0
2014-04-07,0
2014-04-08,0
2014-04-09,0
2014-04-10,0
2014-04-11,0
2014-04-12,0
2014-04-13,0
2014-04-14,0
2014-04-15,0
2014-04-16,0
2014-04-17,0
2014-04-18,0
2014-04-19,0
2014-04-20,0
2014-04-21,0
2014-04-22,0
2014-04-23,0
2014-04-24,0
2014-04-25,0
2014-04-26,0
2014-04-27,0
2014-04-28,0
2014-04-29,0
2014-04-30,0
2014-05-01,0
2014-05-02,0
2014-05-03,0
2014-05-04,0
2014-05-05,0
2014-05-06,0
2014-05-07,0
2014-05-08,0
2014-05-09,0
2014-05-10,0
2014-05-11,0
2014-05-12,0
2014-05-13,0
2014-05-14,0
2014-05-15,0
2014-05-16,0
2014-05-17,0
2014-05-18,0
2014-05-19,0
2014-05-20,0
2014-05-21,0
2014-05-22,0
2014-05-23,0
2014-05-24,0
2014-05-25,0
2014-05-26,0
2014-05-27,0
2014-05-28,0
2014-05-29,0
2014-05-30,0
2014-05-31,0
2014-06-01,0
2014-06-02,0
2014-06-03,0
2014-06-04,0
2014-06-05,0
2014-06-06,0
2014-06-07,0
2014-06-08,0
2014-06-09,0
2014-06-10,0
2014-06-11,0
2014-06-12,0
2014-06-13,0
2014-06-14,0
2014-06-15,0
2014-06-16,0
2014-06-17,0
2014-06-18,0
2014-06-19,0
2014-06-20,0
2014-06-21,0
2014-06-22,0
2014-06-23,0
2014-06-24,0
2014-06-25,0
2014-06-26,0
2014-06-27,0
2014-06-28,0
2014-06-29,0
2014-06-30,0
2014-07-01,0
2014-07-02,0
2014-07-03,0
2014-07-04,0
2014-07-05,0
2014-07-06,0
2014-07-07,0
2014-07-08,0
2014-07-09,0
2014-07-10,0
2014-07-11,0
2014-07-12,0
2014-07-13,0
2014-07-14,0
2014-07-15,0
2014-07-16,0
2014-07-17,0
2014-07-18,0
2014-07-19,0
2014-07-20,0
2014-07-21,0
2014-07-22,0
2014-07-23,0
2014-07-24,0
2014-07-25,0
2014-07-26,0
2014-07-27,0
2014-07-28,0
2014-07-29,0
2014-07-30,0
2014-07-31,0
2014-08-01,0
2014-08-02,0
2014-08-03,0
2014-08-04,0
2014-08-05,0
2014-08-06,0
2014-08-07,0
2014-08-08,0
2014-08-09,0
2014-08-10,0
2014-08-11,0
2014-08-12,0
2014-08-13,0
2014-08-14,0
2014-08-15,0
2014-08-16,0
2014-08-17,0
2014-08-18,0
2014-08-19,0
2014-08-20,0
2014-08-21,0
2014-08-22,0
2014-08-23,0
2014-08-24,0
2014-08-25,0
2014-08-26,0
2014-08-27,0
2014-08-28,0
2014-08-29,0
2014-08-30,0
2014-08-31,0
2014-09-01,0
2014-09-02,0
2014-09-03,0
2014-09-04,0
2014-09-05,0
2014-09-06,0
2014-09-07,0
2014-09-08,0
2014-09-09,0
2014-09-10,0
2014-09-11,0
2014-09-12,0
2014-09-13,0
2014-09-14,0
2014-09-15,0
2014-09-16,0
2014-09-17,0
2014-09-18,0
2014-09-19,0
2014-09-20,0
2014-09-21,0
2014-09-22,0
2014-09-23,0
2014-09-24,0
2014-09-25,0
2014-09-26,0
2014-09-27,0
2014-09-28,0
2014-09-29,0
2014-09-30,0
2014-10-01,0
2014-10-02,0
2014-10-03,0
2014-10-04,0
2014-10-05,0
2014-10-06,0
2014-10-07,0
2014-10-08,0
2014-10-09,0
2014-10-10,0
2014-10-11,0
2014-10-12,0
2014-10-13,0
2014-10-14,0
2014-10-15,0
2014-10-16,0
2014-10-17,0
2014-10-18,0
2014-10-19,0
2014-10-20,0
2014-10-21,0
2014-10-22,0
2014-10-23,0
2014-10-24,0
2014-10-25,0
2014-10-26,0
2014-10-27,0
2014-10-28,0
2014-10-29,0
2014-10-30,0
2014-10-31,0
2014-11-01,0
2014-11-02,0
2014-11-03,0
2014-11-04,0
2014-11-05,0
2014-11-06,0
2014-11-07,0
2014-11-08,0
2014-11-09,0
2014-11-10,0
2014-11-11,0
2014-11-12,0
2014-11-13,0
2014-11-14,0
2014-11-15,0
2014-11-16,0
2014-11-17,0
2014-11-18,0
2014-11-19,0
2014-11-20,0
2014-11-21,0
2014-11-22,0
2014-11-23,0
2014-11-24,0
2014-11-25,0
2014-11-26,0
2014-11-27,0
2014-11-28,0
2014-11-29,0
2014-11-30,0
2014-12-01,0
2014-12-02,0
2014-12-03,0
2014-12-04,0
2014-12-05,0
2014-12-06,0
2014-12-07,0
2014-12-08,0
2014-12-09,0
2014-12-10,0
2014-12-11,0
2014-12-12,0
2014-12-13,0
2014-12-14,0
2014-12-15,0
2014-12-16,0
2014-12-17,0
2014-12-18,0
2014-12-19,0
2014-12-20,0
2014-12-21,0
2014-12-22,0
2014-12-23,0
2014-12-24,0
2014-12-25,0
2014-12-26,0
2014-12-27,0
2014-12-28,0
2014-12-29,0
2014-12-30,0
2014-12-31,0
2015-01-01,0
2015-01-02,0
2015-01-03,0
2015-01-04,0
2015-01-05,0
2015-01-06,0
2015-01-07,0
2015-01-08,0
2015-01-09,0
2015-01-10,0
2015-01-11,0
2015-01-12,0
2015-01-13,0
2015-01-14,0
2015-01-15,0
2015-01-16,0
2015-01-17,0
2015-01-18,0
2015-01-19,0
2015-01-20,0
2015-01-21,0
2015-01-22,0
2015-01-23,0
2015-01-24,0
2015-01-25,0
2015-01-26,0
2015-01-27,0
2015-01-28,0
2015-01-29,0
2015-01-30,0
2015-01-31,0
2015-02-01,0
2015-02-02,0
2015-02-03,0
2015-02-04,0
2015-02-05,0
2015-02-06,0
2015-02-07,0
2015-02-08,0
2015-02-09,0
2015-02-10,0
2015-02-11,0
2015-02-12,0
2015-02-13,0
2015-02-14,0
2015-02-15,0
2015-02-16,0
2015-02-17,0
2015-02-18,0
2015-02-19,0
2015-02-20,0
2015-02-21,0
2015-02-22,0
2015-02-23,0
2015-02-24,0
2015-02-25,0
2015-02-26,0
2015-02-27,0
2015-02-28,0
2015-03-01,0
2015-03-02,0
2015-03-03,0
2015-03-04,0
2015-03-05,0
2015-03-06,0
2015-03-07,0
2015-03-08,0
2015-03-09,0
2015-03-10,0
2015-03-11,0
2015-03-12,0
2015-03-13,0
2015-03-14,0
2015-03-15,0
2015-03-16,0
2015-03-17,0
2015-03-18,0
2015-03-19,0
2015-03-20,0
2015-03-21,0
2015-03-22,0
2015-03-23,0
2015-03-24,0
2015-03-25,0
2015-03-26,0
2015-03-27,0
2015-03-28,0
2015-03-29,0
2015-03-30,0
2015-03-31,0
2015-04-01,0
2015-04-02,0
2015-04-03,0
2015-04-04,0
2015-04-05,0
2015-04-06,0
2015-04-07,0
2015-04-08,0
2015-04-09,0
2015-04-10,0
2015-04-11,0
2015-04-12,0
2015-04-13,0
2015-04-14,0
2015-04-15,0
2015-04-16,0
2015-04-17,0
2015-04-18,0
2015-04-19,0
2015-04-20,0
2015-04-21,0
2015-04-22,0
2015-04-23,0
2015-04-24,0
2015-04-25,0
2015-04-26,0
2015-04-27,0
2015-04-28,0
2015-04-29,0
2015-04-30,0
2015-05-01,0
2015-05-02,0
2015-05-03,0
2015-05-04,0
2015-05-05,0
2015-05-06,0
2015-05-07,0
2015-05-08,0
2015-05-09,0
2015-05-10,0
2015-05-11,0
2015-05-12,0
2015-05-13,0
2015-05-14,0
2015-05-15,0
2015-05-16,0
2015-05-17,0
2015-05-18,0
2015-05-19,0
2015-05-20,0
2015-05-21,0
2015-05-22,0
2015-05-23,0
2015-05-24,0
2015-05-25,0
2015-05-26,0
2015-05-27,0
2015-05-28,0
2015-05-29,0
2015-05-30,0
2015-05-31,0
2015-06-01,0
2015-06-02,0
2015-06-03,0
2015-06-04,0
2015-06-05,0
2015-06-06,0
2015-06-07,0
2015-06-08,0
2015-06-09,0
2015-06-10,0
2015-06-11,0
2015-06-12,0
2015-06-13,0
2015-06-14,0
2015-06-15,0
2015-06-16,0
2015-06-17,0
2015-06-18,0
2015-06-19,0
2015-06-20,0
2015-06-21,0
2015-06-22,0
2015-06-23,0
2015-06-24,0
2015-06-25,0
2015-06-26,0
2015-06-27,0
2015-06-28,0
2015-06-29,0
2015-06-30,0
2015-07-01,0
2015-07-02,0
2015-07-03,0
2015-07-04,0
2015-07-05,0
2015-07-06,0
2015-07-07,0
2015-07-08,0
2015-07-09,0
2015-07-10,0
2015-07-11,0
2015-07-12,0
2015-07-13,0
2015-07-14,0
2015-07-15,0
2015-07-16,0
2015-07-17,0
2015-07-18,0
2015-07-19,0
2015-07-20,0
2015-07-21,0
2015-07-22,0
2015-07-23,0
2015-07-24,0
2015-07-25,0
2015-07-26,0
2015-07-27,0
2015-07-28,0
2015-07-29,0
2015-07-30,0
2015-07-31,0
2015-08-01,0
2015-08-02,0
2015-08-03,0
2015-08-04,0
2015-08-05,0
2015-08-06,0
2015-08-07,0
2015-08-08,0
2015-08-09,0
2015-08-10,0
2015-08-11,0
2015-08-12,0
2015-08-13,0
2015-08-14,0
2015-08-15,0
2015-08-16,0
2015-08-17,0
2015-08-18,0
2015-08-19,0
2015-08-20,0
2015-08-21,0
2015-08-22,0
2015-08-23,0
2015-08-24,0
2015-08-25,0
2015-08-26,0
2015-08-27,0
2015-08-28,0
2015-08-29,0
2015-08-30,0
2015-08-31,0
2015-09-01,0
2015-09-02,0
2015-09-03,0
2015-09-04,0
2015-09-05,0
2015-09-06,0
2015-09-07,0
2015-09-08,0
2015-09-09,0
2015-09-10,0
2015-09-11,0
2015-09-12,0
2015-09-13,0
2015-09-14,0
2015-09-15,0
2015-09-16,0
2015-09-17,0
2015-09-18,0
2015-09-19,0
2015-09-20,0
2015-09-21,0
2015-09-22,0
2015-09-23,0
2015-09-24,0
2015-09-25,0
2015-09-26,0
2015-09-27,0
2015-09-28,0
2015-09-29,0
2015-09-30,0
2015-10-01,0
2015-10-02,0
2015-10-03,0
2015-10-04,0
2015-10-05,0
2015-10-06,0
2015-10-07,0
2015-10-08,0
2015-10-09,0
2015-10-10,0
2015-10-11,0
2015-10-12,0
2015-10-13,0
2015-10-14,0
2015-10-15,0
2015-10-16,0
2015-10-17,0
2015-10-18,0
2015-10-19,0
2015-10-20,0
2015-10-21,0
2015-10-22,0
2015-10-23,0
2015-10-24,0
2015-10-25,0
2015-10-26,0
2015-10-27,0
2015-10-28,0
2015-10-29,0
2015-10-30,0
2015-10-31,0
2015-11-01,0
2015-11-02,0
2015-11-03,0
2015-11-04,0
2015-11-05,0
2015-11-06,0
2015-11-07,0
2015-11-08,0
2015-11-09,0
2015-11-10,0
2015-11-11,0
2015-11-12,0
2015-11-13,0
2015-11-14,0
2015-11-15,0
2015-11-16,0
2015-11-17,0
2015-11-18,0
2015-11-19,0
2015-11-20,0
2015-11-21,0
2015-11-22,0
2015-11-23,0
2015-11-24,0
2015-11-25,0
2015-11-26,0
2015-11-27,0
2015-11-28,0
2015-11-29,0
2015-11-30,0
2015-12-01,0
2015-12-02,0
2015-12-03,0
2015-12-04,0
2015-12-05,0
2015-12-06,0
2015-12-07,0
2015-12-08,0
2015-12-09,0
2015-12-10,0
2015-12-11,0
2015-12-12,0
2015-12-13,0
2015-12-14,0
2015-12-15,0
2015-12-16,0
2015-12-17,0
2015-12-18,0
2015-12-19,0
2015-12-20,0
2015-12-21,0
2015-12-22,0
2015-12-23,0
2015-12-24,0
2015-12-25,0
2015-12-26,0
2015-12-27,0
2015-12-28,0
2015-12-29,0
2015-12-30,0
2015-12-31,0
2016-01-01,0
2016-01-02,0
2016-01-03,0
2016-01-04,0
2016-01-05,0
2016-01-06,0
2016-01-07,0
2016-01-08,0
2016-01-09,0
2016-01-10,0
2016-01-11,0
2016-01-12,0
2016-01-13,0
2016-01-14,0
2016-01-15,0
2016-01-16,0
2016-01-17,0
2016-01-18,0
2016-01-19,0
2016-01-20,0
2016-01-21,0
2016-01-22,0
2016-01-23,0
2016-01-24,0
2016-01-25,0
2016-01-26,0
2016-01-27,0
2016-01-28,0
2016-01-29,0
2016-01-30,0
2016-01-31,0
2016-02-01,0
2016-02-02,0
2016-02-03,0
2016-02-04,0
2016-02-05,0
2016-02-06,0
2016-02-07,0
2016-02-08,0
2016-02-09,0
2016-02-10,0
2016-02-11,0
2016-02-12,0
2016-02-13,0
2016-02-14,0
2016-02-15,0
2016-02-16,0
2016-02-17,0
2016-02-18,0
2016-02-19,0
2016-02-20,0
2016-02-21,0
2016-02-22,0
2016-02-23,0
2016-02-24,0
2016-02-25,0
2016-02-26,0
2016-02-27,0
2016-02-28,0
2016-02-29,0
2016-03-01,0
2016-03-02,0
2016-03-03,0
2016-03-04,0
2016-03-05,0
2016-03-06,0
2016-03-07,0
2016-03-08,0
2016-03-09,0
2016-03-10,0
2016-03-11,0
2016-03-12,0
2016-03-13,0
2016-03-14,0
2016-03-15,0
2016-03-16,0
2016-03-17,0
2016-03-18,0
2016-03-19,0
2016-03-20,0
2016-03-21,0
2016-03-22,0
2016-03-23,0
2016-03-24,0
2016-03-25,0
2016-03-26,0
2016-03-27,0
2016-03-28,0
2016-03-29,0
2016-03-30,0
2016-03-31,0
2016-04-01,0
2016-04-02,0
2016-04-03,0
2016-04-04,0
2016-04-05,0
2016-04-06,0
2016-04-07,0
2016-04-08,0
2016-04-09,0
2016-04-10,0
2016-04-11,0
2016-04-12,0
2016-04-13,0
2016-04-14,0
2016-04-15,0
2016-04-16,0
2016-04-17,0
2016-04-18,0
2016-04-19,0
2016-04-20,0
2016-04-21,0
2016-04-22,0
2016-04-23,0
2016-04-24,0
2016-04-25,0
2016-04-26,0
2016-04-27,0
2016-04-28,0
2016-04-29,0
2016-04-30,0
2016-05-01,0
2016-05-02,0
2016-05-03,0
2016-05-04,0
2016-05-05,0
2016-05-06,0
2016-05-07,0
2016-05-08,0
2016-05-09,0
2016-05-10,0
2016-05-11,0
2016-05-12,0
2016-05-13,0
2016-05-14,0
2016-05-15,0
2016-05-16,0
2016-05-17,0
2016-05-18,0
2016-05-19,0
2016-05-20,0
2016-05-21,0
2016-05-22,0
2016-05-23,0
2016-05-24,0
2016-05-25,0
2016-05-26,0
2016-05-27,0
2016-05-28,0
2016-05-29,0
2016-05-30,0
2016-05-31,0
2016-06-01,0
2016-06-02,0
2016-06-03,0
2016-06-04,0
2016-06-05,0
2016-06-06,0
2016-06-07,0
2016-06-08,0
2016-06-09,0
2016-06-10,0
2016-06-11,0
2016-06-12,0
2016-06-13,0
2016-06-14,0
2016-06-15,0
2016-06-16,0
2016-06-17,0
2016-06-18,0
2016-06-19,0
2016-06-20,0
2016-06-21,0
2016-06-22,0
2016-06-23,0
2016-06-24,0
2016-06-25,0
2016-06-26,0
2016-06-27,0
2016-06-28,0
2016-06-29,0
2016-06-30,0
2016-07-01,0
2016-07-02,0
2016-07-03,0
2016-07-04,0
2016-07-05,0
2016-07-06,0
2016-07-07,0
2016-07-08,0
2016-07-09,0
2016-07-10,0
2016-07-11,0
2016-07-12,0
2016-07-13,0
2016-07-14,0
2016-07-15,0
2016-07-16,0
2016-07-17,0
2016-07-18,0
2016-07-19,0
2016-07-20,0
2016-07-21,0
2016-07-22,0
2016-07-23,0
2016-07-24,0
2016-07-25,0
2016-07-26,0
2016-07-27,0
2016-07-28,0
2016-07-29,0
2016-07-30,0
2016-07-31,0
2016-08-01,0
2016-08-02,0
2016-08-03,0
2016-08-04,0
2016-08-05,0
2016-08-06,0
2016-08-07,0
2016-08-08,0
2016-08-09,0
2016-08-10,0
2016-08-11,0
2016-08-12,0
2016-08-13,0
2016-08-14,0
2016-08-15,0
2016-08-16,0
2016-08-17,0
2016-08-18,0
2016-08-19,0
2016-08-20,0
2016-08-21,0
2016-08-22,0
2016-08-23,0
2016-08-24,0
2016-08-25,0
2016-08-26,0
2016-08-27,0
2016-08-28,0
2016-08-29,0
2016-08-30,0
2016-08-31,0
2016-09-01,0
2016-09-02,0
2016-09-03,0
2016-09-04,0
2016-09-05,0
2016-09-06,0
2016-09-07,0
2016-09-08,0
2016-09-09,0
2016-09-10,0
2016-09-11,0
2016-09-12,0
2016-09-13,0
2016-09-14,0
2016-09-15,0
2016-09-16,0
2016-09-17,0
2016-09-18,0
2016-09-19,0
2016-09-20,0
2016-09-21,0
2016-09-22,0
2016-09-23,0
2016-09-24,0
2016-09-25,0
2016-09-26,0
2016-09-27,0
2016-09-28,0
2016-09-29,0
2016-09-30,0
2016-10-01,0
2016-10-02,0
2016-10-03,0
2016-10-04,0
2016-10-05,0
2016-10-06,0
2016-10-07,0
2016-10-08,0
2016-10-09,0
2016-10-10,0
2016-10-11,0
2016-10-12,0
2016-10-13,0
2016-10-14,0
2016-10-15,0
2016-10-16,0
2016-10-17,0
2016-10-18,0
2016-10-19,0
2016-10-20,0
2016-10-21,0
2016-10-22,0
2016-10-23,0
2016-10-24,0
2016-10-25,0
2016-10-26,0
2016-10-27,0
2016-10-28,0
2016-10-29,0
2016-10-30,0
2016-10-31,0
2016-11-01,0
2016-11-02,0
2016-11-03,0
2016-11-04,0
2016-11-05,0
2016-11-06,0
2016-11-07,0
2016-11-08,0
2016-11-09,0
2016-11-10,0
2016-11-11,0
2016-11-12,0
2016-11-13,0
2016-11-14,0
2016-11-15,0
2016-11-16,0
2016-11-17,0
2016-11-18,0
2016-11-19,0
2016-11-20,0
2016-11-21,0
2016-11-22,0
2016-11-23,0
2016-11-24,0
2016-11-25,0
2016-11-26,0
2016-11-27,0
2016-11-28,0
2016-11-29,0
2016-11-30,0
2016-12-01,0
2016-12-02,0
2016-12-03,0
2016-12-04,0
2016-12-05,0
2016-12-06,0
2016-12-07,0
2016-12-08,0
2016-12-09,0
2016-12-10,0
2016-12-11,0
2016-12-12,0
2016-12-13,0
2016-12-14,0
2016-12-15,0
2016-12-16,0
2016-12-17,0
2016-12-18,0
2016-12-19,0
2016-12-20,0
2016-12-21,0
2016-12-22,0
2016-12-23,0
2016-12-24,0
2016-12-25,0
2016-12-26,0
2016-12-27,0
2016-12-28,0
2016-12-29,0
2016-12-30,0
2016-12-31,0
2017-01-01,0
2017-01-02,0
2017-01-03,0
2017-01-04,0
2017-01-05,0
2017-01-06,0
2017-01-07,0
2017-01-08,0
2017-01-09,0
2017-01-10,0
2017-01-11,0
2017-01-12,0
2017-01-13,0
2017-01-14,0
2017-01-15,0
2017-01-16,0
2017-01-17,0
2017-01-18,0
2017-01-19,0
2017-01-20,0
2017-01-21,0
2017-01-22,0
2017-01-23,0
2017-01-24,0
2017-01-25,0
2017-01-26,0
2017-01-27,0
2017-01-28,0
2017-01-29,0
2017-01-30,0
2017-01-31,0
2017-02-01,0
2017-02-02,0
2017-02-03,0
2017-02-04,0
2017-02-05,0
2017-02-06,0
2017-02-07,0
2017-02-08,0
2017-02-09,0
2017-02-10,0
2017-02-11,0
2017-02-12,0
2017-02-13,0
2017-02-14,0
2017-02-15,0
2017-02-16,0
2017-02-17,0
2017-02-18,0
2017-02-19,0
2017-02-20,0
2017-02-21,0
2017-02-22,0
2017-02-23,0
2017-02-24,0
2017-02-25,0
2017-02-26,0
2017-02-27,0
2017-02-28,0
2017-03-01,0
2017-03-02,0
2017-03-03,0
2017-03-04,0
2017-03-05,0
2017-03-06,0
2017-03-07,0
2017-03-08,0
2017-03-09,0
2017-03-10,0
2017-03-11,0
2017-03-12,0
2017-03-13,0
2017-03-14,0
2017-03-15,0
2017-03-16,0
2017-03-17,0
2017-03-18,0
2017-03-19,0
2017-03-20,0
2017-03-21,0
2017-03-22,0
2017-03-23,0
2017-03-24,0
2017-03-25,0
2017-03-26,0
2017-03-27,0
2017-03-28,0
2017-03-29,0
2017-03-30,0
2017-03-31,0
2017-04-01,0
2017-04-02,0
2017-04-03,0
2017-04-04,0
2017-04-05,0
2017-04-06,0
2017-04-07,0
2017-04-08,0
2017-04-09,0
2017-04-10,0
2017-04-11,0
2017-04-12,0
2017-04-13,0
2017-04-14,0
2017-04-15,0
2017-04-16,0
2017-04-17,0
2017-04-18,0
2017-04-19,0
2017-04-20,0
2017-04-21,0
2017-04-22,0
2017-04-23,0
2017-04-24,0
2017-04-25,0
2017-04-26,0
2017-04-27,0
2017-04-28,0
2017-04-29,0
2017-04-30,0
2017-05-01,0
2017-05-02,0
2017-05-03,0
2017-05-04,0
2017-05-05,0
2017-05-06,0
2017-05-07,0
2017-05-08,0
2017-05-09,0
2017-05-10,0
2017-05-11,0
2017-05-12,0
2017-05-13,0
2017-05-14,0
2017-05-15,0
2017-05-16,0
2017-05-17,0
2017-05-18,0
2017-05-19,0
2017-05-20,0
2017-05-21,0
2017-05-22,0
2017-05-23,0
2017-05-24,0
2017-05-25,0
2017-05-26,0
2017-05-27,0
2017-05-28,0
2017-05-29,0
2017-05-30,0
2017-05-31,0
2017-06-01,0
2017-06-02,0
2017-06-03,0
2017-06-04,0
2017-06-05,0
2017-06-06,0
2017-06-07,0
2017-06-08,0
2017-06-09,0
2017-06-10,0
2017-06-11,0
2017-06-12,0
2017-06-13,0
2017-06-14,0
2017-06-15,0
2017-06-16,0
2017-06-17,0
2017-06-18,0
2017-06-19,0
2017-06-20,0
2017-06-21,0
2017-06-22,0
2017-06-23,0
2017-06-24,0
2017-06-25,0
2017-06-26,0
2017-06-27,0
2017-06-28,0
2017-06-29,0
2017-06-30,0
2017-07-01,0
2017-07-02,0
2017-07-03,0
2017-07-04,0
2017-07-05,0
2017-07-06,0
2017-07-07,0
2017-07-08,0
2017-07-09,0
2017-07-10,0
2017-07-11,0
2017-07-12,0
2017-07-13,0
2017-07-14,0
2017-07-15,0
2017-07-16,0
2017-07-17,0
2017-07-18,0
2017-07-19,0
2017-07-20,0
2017-07-21,0
2017-07-22,0
2017-07-23,0
2017-07-24,0
2017-07-25,0
2017-07-26,0
2017-07-27,0
2017-07-28,0
2017-07-29,0
2017-07-30,0
2017-07-31,0
2017-08-01,0
2017-08-02,0
2017-08-03,0
2017-08-04,0
2017-08-05,0
2017-08-06,0
2017-08-07,0
2017-08-08,0
2017-08-09,0
2017-08-10,0
2017-08-11,0
2017-08-12,0
2017-08-13,0
2017-08-14,0
2017-08-15,0
2017-08-16,0
2017-08-17,0
2017-08-18,0
2017-08-19,0
2017-08-20,0
2017-08-21,0
2017-08-22,0
2017-08-23,0
2017-08-24,0
2017-08-25,0
2017-08-26,0
2017-08-27,0
2017-08-28,0
2017-08-29,0
2017-08-30,0
2017-08-31,0
2017-09-01,0
2017-09-02,0
2017-09-03,0
2017-09-04,0
2017-09-05,0
2017-09-06,0
2017-09-07,0
2017-09-08,0
2017-09-09,7
2017-09-10,0
2017-09-11,0
2017-09-12,0
2017-09-13,0
2017-09-14,0
2017-09-15,0
2017-09-16,0
2017-09-17,0
2017-09-18,0
2017-09-19,0
2017-09-20,0
2017-09-21,0
2017-09-22,0
2017-09-23,0
2017-09-24,0
2017-09-25,0
2017-09-26,0
2017-09-27,0
2017-09-28,0
2017-09-29,1
2017-09-30,0
2017-10-01,0
2017-10-02,0
2017-10-03,0
2017-10-04,0
2017-10-05,0
2017-10-06,0
2017-10-07,0
2017-10-08,0
2017-10-09,0
2017-10-10,0
2017-10-11,0
2017-10-12,0
2017-10-13,0
2017-10-14,0
2017-10-15,0
2017-10-16,0
2017-10-17,0
2017-10-18,0
2017-10-19,0
2017-10-20,0
2017-10-21,0
2017-10-22,0
2017-10-23,0
2017-10-24,0
2017-10-25,0
2017-10-26,0
2017-10-27,0
2017-10-28,0
2017-10-29,0
2017-10-30,0
2017-10-31,0
2017-11-01,0
2017-11-02,0
2017-11-03,0
2017-11-04,0
2017-11-05,0
2017-11-06,0
2017-11-07,0
2017-11-08,0
2017-11-09,0
2017-11-10,0
2017-11-11,0
2017-11-12,0
2017-11-13,0
2017-11-14,0
2017-11-15,0
2017-11-16,0
2017-11-17,0
2017-11-18,0
2017-11-19,0
2017-11-20,0
2017-11-21,0
2017-11-22,0
2017-11-23,0
2017-11-24,0
2017-11-25,0
2017-11-26,0
2017-11-27,0
2017-11-28,0
2017-11-29,0
2017-11-30,0
2017-12-01,0
2017-12-02,0
2017-12-03,0
2017-12-04,0
2017-12-05,0
2017-12-06,0
2017-12-07,0
2017-12-08,0
2017-12-09,0
2017-12-10,0
2017-12-11,0
2017-12-12,0
2017-12-13,0
2017-12-14,0
2017-12-15,0
2017-12-16,0
2017-12-17,0
2017-12-18,0
2017-12-19,0
2017-12-20,0
2017-12-21,0
2017-12-22,0
2017-12-23,0
2017-12-24,0
2017-12-25,0
2017-12-26,0
2017-12-27,0
2017-12-28,0
2017-12-29,0
2017-12-30,0
2017-12-31,0
2018-01-01,0
2018-01-02,0
2018-01-03,0
2018-01-04,0
2018-01-05,0
2018-01-06,0
2018-01-07,0
2018-01-08,0
2018-01-09,0
2018-01-10,0
2018-01-11,0
2018-01-12,0
2018-01-13,0
2018-01-14,0
2018-01-15,0
2018-01-16,0
2018-01-17,0
2018-01-18,0
2018-01-19,0
2018-01-20,0
2018-01-21,0
2018-01-22,0
2018-01-23,0
2018-01-24,0
2018-01-25,2
2018-01-26,0
2018-01-27,0
2018-01-28,0
2018-01-29,0
2018-01-30,0
2018-01-31,0
2018-02-01,0
2018-02-02,0
2018-02-03,0
2018-02-04,0
2018-02-05,0
2018-02-06,0
2018-02-07,0
2018-02-08,0
2018-02-09,0
2018-02-10,0
2018-02-11,0
2018-02-12,0
2018-02-13,0
2018-02-14,0
2018-02-15,0
2018-02-16,0
2018-02-17,0
2018-02-18,0
2018-02-19,0
2018-02-20,0
2018-02-21,0
2018-02-22,0
2018-02-23,0
2018-02-24,0
2018-02-25,0
2018-02-26,0
2018-02-27,0
2018-02-28,0
2018-03-01,0
2018-03-02,0
2018-03-03,0
2018-03-04,0
2018-03-05,0
2018-03-06,0
2018-03-07,0
2018-03-08,0
2018-03-09,0
2018-03-10,0
2018-03-11,0
2018-03-12,0
2018-03-13,0
2018-03-14,0
2018-03-15,0
2018-03-16,0
2018-03-17,0
2018-03-18,0
2018-03-19,0
2018-03-20,0
2018-03-21,0
2018-03-22,0
2018-03-23,0
2018-03-24,0
2018-03-25,0
2018-03-26,0
2018-03-27,0
2018-03-28,0
2018-03-29,0
2018-03-30,0
2018-03-31,0
2018-04-01,0
2018-04-02,0
2018-04-03,0
2018-04-04,0
2018-04-05,0
2018-04-06,0
2018-04-07,0
2018-04-08,0
2018-04-09,0
2018-04-10,0
2018-04-11,0
2018-04-12,0
2018-04-13,0
2018-04-14,0
2018-04-15,0
2018-04-16,0
2018-04-17,0
2018-04-18,0
2018-04-19,0
2018-04-20,0
2018-04-21,0
2018-04-22,0
2018-04-23,0
2018-04-24,0
2018-04-25,0
2018-04-26,0
2018-04-27,0
2018-04-28,0
2018-04-29,0
2018-04-30,0
2018-05-01,0
2018-05-02,0
2018-05-03,0
2018-05-04,0
2018-05-05,0
2018-05-06,0
2018-05-07,0
2018-05-08,0
2018-05-09,0
2018-05-10,0
2018-05-11,0
2018-05-12,0
2018-05-13,0
2018-05-14,0
2018-05-15,0
2018-05-16,0
2018-05-17,0
2018-05-18,0
2018-05-19,0
2018-05-20,0
2018-05-21,0
2018-05-22,0
2018-05-23,0
2018-05-24,0
2018-05-25,0
2018-05-26,0
2018-05-27,0
2018-05-28,0
2018-05-29,0
2018-05-30,0
2018-05-31,0
2018-06-01,0
2018-06-02,0
2018-06-03,0
2018-06-04,0
2018-06-05,0
2018-06-06,0
2018-06-07,0
2018-06-08,0
2018-06-09,0
2018-06-10,0
2018-06-11,0
2018-06-12,0
2018-06-13,0
2018-06-14,0
2018-06-15,0
2018-06-16,0
2018-06-17,0
2018-06-18,0
2018-06-19,0
2018-06-20,0
2018-06-21,0
2018-06-22,0
2018-06-23,0
2018-06-24,0
2018-06-25,0
2018-06-26,0
2018-06-27,0
2018-06-28,0
2018-06-29,0
2018-06-30,0
2018-07-01,0
2018-07-02,0
2018-07-03,0
2018-07-04,0
2018-07-05,0
2018-07-06,0
2018-07-07,0
2018-07-08,0
2018-07-09,0
2018-07-10,0
2018-07-11,0
2018-07-12,0
2018-07-13,0
2018-07-14,0
2018-07-15,0
2018-07-16,0
2018-07-17,0
2018-07-18,0
2018-07-19,0
2018-07-20,0
2018-07-21,0
2018-07-22,0
2018-07-23,0
2018-07-24,0
2018-07-25,0
2018-07-26,0
2018-07-27,0
2018-07-28,0
2018-07-29,0
2018-07-30,0
2018-07-31,0
2018-08-01,0
2018-08-02,0
2018-08-03,0
2018-08-04,0
2018-08-05,0
2018-08-06,0
2018-08-07,0
2018-08-08,0
2018-08-09,0
2018-08-10,0
2018-08-11,0
2018-08-12,0
2018-08-13,0
2018-08-14,0
2018-08-15,0
2018-08-16,0
2018-08-17,0
2018-08-18,0
2018-08-19,0
2018-08-20,0
2018-08-21,0
2018-08-22,0
2018-08-23,0
2018-08-24,0
2018-08-25,0
2018-08-26,0
2018-08-27,0
2018-08-28,0
2018-08-29,0
2018-08-30,0
2018-08-31,0
2018-09-01,0
2018-09-02,0
2018-09-03,0
2018-09-04,0
2018-09-05,0
2018-09-06,0
2018-09-07,0
2018-09-08,0
2018-09-09,0
2018-09-10,0
2018-09-11,0
2018-09-12,0
2018-09-13,0
2018-09-14,0
2018-09-15,0
2018-09-16,0
2018-09-17,0
2018-09-18,0
2018-09-19,0
2018-09-20,0
2018-09-21,0
2018-09-22,0
2018-09-23,0
2018-09-24,0
2018-09-25,0
2018-09-26,0
2018-09-27,0
2018-09-28,0
2018-09-29,0
2018-09-30,0
2018-10-01,0
2018-10-02,0
2018-10-03,0
2018-10-04,0
2018-10-05,0
2018-10-06,0
2018-10-07,0
2018-10-08,0
2018-10-09,0
2018-10-10,0
2018-10-11,0
2018-10-12,0
2018-10-13,0
2018-10-14,0
2018-10-15,0
2018-10-16,0
2018-10-17,0
2018-10-18,0
2018-10-19,0
2018-10-20,0
2018-10-21,0
2018-10-22,0
2018-10-23,0
2018-10-24,0
2018-10-25,0
2018-10-26,0
2018-10-27,0
2018-10-28,0
2018-10-29,0
2018-10-30,0
2018-10-31,0
2018-11-01,0
2018-11-02,0
2018-11-03,0
2018-11-04,0
2018-11-05,0
2018-11-06,0
2018-11-07,0
2018-11-08,0
2018-11-09,0
2018-11-10,0
2018-11-11,0
2018-11-12,0
2018-11-13,0
2018-11-14,0
2018-11-15,0
2018-11-16,0
2018-11-17,0
2018-11-18,0
2018-11-19,0
2018-11-20,0
2018-11-21,0
2018-11-22,0
2018-11-23,0
2018-11-24,0
2018-11-25,0
2018-11-26,0
2018-11-27,0
2018-11-28,0
2018-11-29,0
2018-11-30,0
2018-12-01,0
2018-12-02,0
2018-12-03,0
2018-12-04,0
2018-12-05,0
2018-12-06,0
2018-12-07,0
2018-12-08,0
2018-12-09,0
2018-12-10,0
2018-12-11,0
2018-12-12,2
2018-12-13,0
2018-12-14,0
2018-12-15,0
2018-12-16,0
2018-12-17,0
2018-12-18,0
2018-12-19,0
2018-12-20,0
2018-12-21,0
2018-12-22,0
2018-12-23,0
2018-12-24,0
2018-12-25,0
2018-12-26,0
2018-12-27,0
2018-12-28,0
2018-12-29,0
2018-12-30,0
2018-12-31,0
2019-01-01,0
2019-01-02,0
2019-01-03,0
2019-01-04,0
2019-01-05,0
2019-01-06,0
2019-01-07,0
2019-01-08,0
2019-01-09,0
2019-01-10,0
2019-01-11,0
2019-01-12,0
2019-01-13,0
2019-01-14,0
2019-01-15,0
2019-01-16,0
2019-01-17,0
2019-01-18,0
2019-01-19,0
2019-01-20,0
2019-01-21,0
2019-01-22,0
2019-01-23,0
2019-01-24,0
2019-01-25,0
2019-01-26,0
2019-01-27,0
2019-01-28,0
2019-01-29,0
2019-01-30,0
2019-01-31,0
2019-02-01,0
2019-02-02,0
2019-02-03,0
2019-02-04,0
2019-02-05,0
2019-02-06,0
2019-02-07,0
2019-02-08,0
2019-02-09,0
2019-02-10,0
2019-02-11,0
2019-02-12,0
2019-02-13,0
2019-02-14,0
2019-02-15,0
2019-02-16,0
2019-02-17,0
2019-02-18,0
2019-02-19,0
2019-02-20,0
2019-02-21,0
2019-02-22,0
2019-02-23,0
2019-02-24,0
2019-02-25,0
2019-02-26,0
2019-02-27,0
2019-02-28,0
2019-03-01,0
2019-03-02,0
2019-03-03,0
2019-03-04,0
2019-03-05,0
2019-03-06,0
2019-03-07,0
2019-03-08,0
2019-03-09,0
2019-03-10,0
2019-03-11,0
2019-03-12,0
2019-03-13,0
2019-03-14,0
2019-03-15,0
2019-03-16,0
2019-03-17,0
2019-03-18,0
2019-03-19,0
2019-03-20,0
2019-03-21,0
2019-03-22,0
2019-03-23,0
2019-03-24,0
2019-03-25,0
2019-03-26,0
2019-03-27,0
2019-03-28,0
2019-03-29,0
2019-03-30,0
2019-03-31,0
2019-04-01,0
2019-04-02,0
2019-04-03,0
2019-04-04,0
2019-04-05,0
2019-04-06,0
2019-04-07,0
2019-04-08,0
2019-04-09,0
2019-04-10,0
2019-04-11,0
2019-04-12,0
2019-04-13,0
2019-04-14,0
2019-04-15,0
2019-04-16,0
2019-04-17,0
2019-04-18,0
2019-04-19,0
2019-04-20,0
2019-04-21,0
2019-04-22,0
2019-04-23,0
2019-04-24,0
2019-04-25,0
2019-04-26,0
2019-04-27,0
2019-04-28,0
2019-04-29,0
2019-04-30,0
2019-05-01,0
2019-05-02,0
2019-05-03,0
2019-05-04,0
2019-05-05,0
2019-05-06,0
2019-05-07,0
2019-05-08,0
2019-05-09,0
2019-05-10,0
2019-05-11,0
2019-05-12,0
2019-05-13,0
2019-05-14,0
2019-05-15,0
2019-05-16,0
2019-05-17,0
2019-05-18,0
2019-05-19,0
2019-05-20,0
2019-05-21,0
2019-05-22,0
2019-05-23,0
2019-05-24,0
2019-05-25,0
2019-05-26,0
2019-05-27,0
2019-05-28,0
2019-05-29,0
2019-05-30,0
2019-05-31,0
2019-06-01,0
2019-06-02,0
2019-06-03,0
2019-06-04,0
2019-06-05,0
2019-06-06,0
2019-06-07,0
2019-06-08,0
2019-06-09,0
2019-06-10,0
2019-06-11,0
2019-06-12,0
2019-06-13,0
2019-06-14,0
2019-06-15,0
2019-06-16,0
2019-06-17,0
2019-06-18,0
2019-06-19,0
2019-06-20,0
2019-06-21,0
2019-06-22,0
2019-06-23,0
2019-06-24,0
2019-06-25,0
2019-06-26,0
2019-06-27,0
2019-06-28,0
2019-06-29,0
2019-06-30,0
2019-07-01,0
2019-07-02,0
2019-07-03,0
2019-07-04,0
2019-07-05,0
2019-07-06,0
2019-07-07,0
2019-07-08,0
2019-07-09,0
2019-07-10,0
2019-07-11,0
2019-07-12,0
2019-07-13,0
2019-07-14,0
2019-07-15,0
2019-07-16,0
2019-07-17,0
2019-07-18,0
2019-07-19,0
2019-07-20,0
2019-07-21,0
2019-07-22,0
2019-07-23,0
2019-07-24,0
2019-07-25,0
2019-07-26,0
2019-07-27,0
2019-07-28,0
2019-07-29,0
2019-07-30,0
2019-07-31,0
2019-08-01,0
2019-08-02,0
2019-08-03,0
2019-08-04,0
2019-08-05,0
2019-08-06,0
2019-08-07,0
2019-08-08,0
2019-08-09,0
2019-08-10,0
2019-08-11,0
2019-08-12,0
2019-08-13,0
2019-08-14,0
2019-08-15,0
2019-08-16,0
2019-08-17,0
2019-08-18,0
2019-08-19,0
2019-08-20,0
2019-08-21,0
2019-08-22,0
2019-08-23,0
2019-08-24,0
2019-08-25,0
2019-08-26,0
2019-08-27,0
2019-08-28,0
2019-08-29,0
2019-08-30,0
2019-08-31,0
2019-09-01,0
2019-09-02,0
2019-09-03,0
2019-09-04,0
2019-09-05,0
2019-09-06,0
2019-09-07,0
2019-09-08,0
2019-09-09,0
2019-09-10,0
2019-09-11,0
2019-09-12,0
2019-09-13,0
2019-09-14,0
2019-09-15,0
2019-09-16,0
2019-09-17,0
2019-09-18,0
2019-09-19,0
2019-09-20,0
2019-09-21,0
2019-09-22,0
2019-09-23,0
2019-09-24,0
2019-09-25,0
2019-09-26,0
2019-09-27,0
2019-09-28,0
2019-09-29,0
2019-09-30,0
2019-10-01,0
2019-10-02,0
2019-10-03,0
2019-10-04,0
2019-10-05,0
2019-10-06,0
2019-10-07,0
2019-10-08,0
2019-10-09,0
2019-10-10,0
2019-10-11,0
2019-10-12,0
2019-10-13,0
2019-10-14,0
2019-10-15,0
2019-10-16,0
2019-10-17,0
2019-10-18,0
2019-10-19,0
2019-10-20,0
2019-10-21,0
2019-10-22,0
2019-10-23,0
2019-10-24,0
2019-10-25,0
2019-10-26,0
2019-10-27,0
2019-10-28,0
2019-10-29,0
2019-10-30,0
2019-10-31,0
2019-11-01,0
2019-11-02,0
2019-11-03,0
2019-11-04,0
2019-11-05,0
2019-11-06,0
2019-11-07,0
2019-11-08,0
2019-11-09,0
2019-11-10,0
2019-11-11,0
2019-11-12,0
2019-11-13,0
2019-11-14,0
2019-11-15,0
2019-11-16,0
2019-11-17,0
2019-11-18,0
2019-11-19,0
2019-11-20,0
2019-11-21,0
2019-11-22,0
2019-11-23,0
2019-11-24,0
2019-11-25,0
2019-11-26,0
2019-11-27,0
2019-11-28,0
2019-11-29,0
2019-11-30,0
2019-12-01,0
2019-12-02,0
2019-12-03,0
2019-12-04,0
2019-12-05,0
2019-12-06,0
2019-12-07,0
2019-12-08,0
2019-12-09,0
2019-12-10,0
2019-12-11,0
2019-12-12,0
2019-12-13,0
2019-12-14,0
2019-12-15,0
2019-12-16,0
2019-12-17,0
2019-12-18,0
2019-12-19,0
2019-12-20,0
2019-12-21,0
2019-12-22,0
2019-12-23,0
2019-12-24,0
2019-12-25,0
2019-12-26,0
2019-12-27,0
2019-12-28,0
2019-12-29,0
2019-12-30,0
2019-12-31,0
2020-01-01,0
2020-01-02,0
2020-01-03,0
2020-01-04,0
2020-01-05,0
2020-01-06,0
2020-01-07,0
2020-01-08,0
2020-01-09,0
2020-01-10,0
2020-01-11,0
2020-01-12,0
2020-01-13,0
2020-01-14,0
2020-01-15,0
2020-01-16,0
2020-01-17,0
2020-01-18,0
2020-01-19,0
2020-01-20,0
2020-01-21,0
2020-01-22,0
2020-01-23,0
2020-01-24,0
2020-01-25,0
2020-01-26,0
2020-01-27,0
2020-01-28,0
2020-01-29,0
2020-01-30,0
2020-01-31,0
2020-02-01,0
2020-02-02,0
2020-02-03,0
2020-02-04,0
2020-02-05,0
2020-02-06,0
2020-02-07,0
2020-02-08,0
2020-02-09,0
2020-02-10,0
2020-02-11,0
2020-02-12,0
2020-02-13,0
2020-02-14,0
2020-02-15,0
2020-02-16,0
2020-02-17,0
2020-02-18,0
2020-02-19,0
2020-02-20,0
2020-02-21,0
2020-02-22,0
2020-02-23,0
2020-02-24,0
2020-02-25,0
2020-02-26,0
2020-02-27,0
2020-02-28,0
2020-02-29,0
2020-03-01,0
2020-03-02,0
2020-03-03,0
2020-03-04,0
2020-03-05,0
2020-03-06,0
2020-03-07,0
2020-03-08,0
2020-03-09,0
2020-03-10,0
2020-03-11,0
2020-03-12,0
2020-03-13,0
2020-03-14,0
2020-03-15,0
2020-03-16,0
2020-03-17,0
2020-03-18,0
2020-03-19,0
2020-03-20,0
2020-03-21,0
2020-03-22,0
2020-03-23,0
2020-03-24,0
2020-03-25,0
2020-03-26,20
2020-03-27,4
2020-03-28,1
2020-03-29,11
2020-03-30,0
2020-03-31,0
2020-04-01,0
2020-04-02,0
2020-04-03,0
2020-04-04,0
2020-04-05,0
2020-04-06,0
2020-04-07,0
2020-04-08,0
2020-04-09,0
2020-04-10,0
2020-04-11,0
2020-04-12,0
2020-04-13,0
2020-04-14,0
2020-04-15,0
2020-04-16,0
2020-04-17,4
2020-04-18,0
2020-04-19,0
2020-04-20,0
2020-04-21,0
2020-04-22,0
2020-04-23,0
2020-04-24,0
2020-04-25,0
2020-04-26,0
2020-04-27,0
2020-04-28,0
2020-04-29,0
2020-04-30,0
2020-05-01,0
2020-05-02,0
2020-05-03,0
2020-05-04,0
2020-05-05,1
2020-05-06,0
2020-05-07,0
2020-05-08,0
2020-05-09,0
2020-05-10,0
2020-05-11,0
2020-05-12,0
2020-05-13,0
2020-05-14,0
2020-05-15,0
2020-05-16,0
2020-05-17,0
2020-05-18,0
2020-05-19,0
2020-05-20,0
2020-05-21,0
2020-05-22,0
2020-05-23,0
2020-05-24,0
2020-05-25,0
2020-05-26,0
2020-05-27,0
2020-05-28,0
2020-05-29,0
2020-05-30,0
2020-05-31,0
2020-06-01,0
2020-06-02,0
2020-06-03,0
2020-06-04,0
2020-06-05,0
2020-06-06,0
2020-06-07,0
2020-06-08,0
2020-06-09,0
2020-06-10,0
2020-06-11,0
2020-06-12,0
2020-06-13,0
2020-06-14,0
2020-06-15,0
2020-06-16,0
2020-06-17,0
2020-06-18,0
2020-06-19,0
2020-06-20,0
2020-06-21,0
2020-06-22,0
2020-06-23,0
2020-06-24,0
2020-06-25,0
2020-06-26,0
2020-06-27,0
2020-06-28,0
2020-06-29,0
2020-06-30,0
2020-07-01,0
2020-07-02,0
2020-07-03,0
2020-07-04,0
2020-07-05,0
2020-07-06,0
2020-07-07,0
2020-07-08,0
2020-07-09,0
2020-07-10,0
2020-07-11,0
2020-07-12,0
2020-07-13,0
2020-07-14,0
2020-07-15,0
2020-07-16,0
2020-07-17,0
2020-07-18,0
2020-07-19,0
2020-07-20,0
2020-07-21,0
2020-07-22,0
2020-07-23,0
2020-07-24,1
2020-07-25,0
2020-07-26,0
2020-07-27,0
2020-07-28,0
2020-07-29,0
2020-07-30,1
2020-07-31,0
2020-08-01,0
2020-08-02,0
2020-08-03,0
2020-08-04,0
2020-08-05,0
2020-08-06,0
2020-08-07,0
2020-08-08,0
2020-08-09,0
2020-08-10,0
2020-08-11,0
2020-08-12,0
2020-08-13,0
2020-08-14,0
2020-08-15,0
2020-08-16,0
2020-08-17,0
2020-08-18,0
2020-08-19,0
2020-08-20,0
2020-08-21,0
2020-08-22,0
2020-08-23,0
2020-08-24,0
2020-08-25,0
2020-08-26,0
2020-08-27,0
2020-08-28,0
2020-08-29,0
2020-08-30,0
2020-08-31,0
2020-09-01,0
2020-09-02,0
2020-09-03,0
2020-09-04,0
2020-09-05,0
2020-09-06,0
2020-09-07,2
2020-09-08,0
2020-09-09,0
2020-09-10,0
2020-09-11,0
2020-09-12,0
2020-09-13,0
2020-09-14,0
2020-09-15,0
2020-09-16,0
2020-09-17,0
2020-09-18,23
2020-09-19,0
2020-09-20,4
2020-09-21,8
2020-09-22,11
2020-09-23,2
2020-09-24,5
2020-09-25,0
2020-09-26,0
2020-09-27,0
2020-09-28,1
2020-09-29,0
2020-09-30,2
2020-10-01,2
2020-10-02,0
2020-10-03,0
2020-10-04,0
2020-10-05,0
2020-10-06,1
2020-10-07,0
2020-10-08,0
2020-10-09,1
2020-10-10,0
2020-10-11,0
2020-10-12,0
2020-10-13,3
2020-10-14,0
2020-10-15,1
2020-10-16,1
2020-10-17,0
2020-10-18,1
2020-10-19,1
2020-10-20,0
2020-10-21,0
2020-10-22,0
2020-10-23,0
2020-10-24,1
2020-10-25,0
2020-10-26,1
2020-10-27,0
2020-10-28,0
2020-10-29,0
2020-10-30,0
2020-10-31,0
2020-11-01,1
2020-11-02,1
2020-11-03,1
2020-11-04,0
2020-11-05,0
2020-11-06,0
2020-11-07,0
2020-11-08,1
2020-11-09,1
2020-11-10,0
2020-11-11,0
2020-11-12,0
2020-11-13,1
2020-11-14,2
2020-11-15,0
2020-11-16,0
2020-11-17,0
2020-11-18,1
2020-11-19,0
2020-11-20,0
2020-11-21,0
2020-11-22,3
2020-11-23,0
2020-11-24,0
2020-11-25,0
2020-11-26,0
2020-11-27,0
2020-11-28,0
2020-11-29,0
2020-11-30,0
2020-12-01,0
2020-12-02,0
2020-12-03,0
2020-12-04,1
2020-12-05,0
2020-12-06,2
2020-12-07,1
2020-12-08,0
2020-12-09,0
2020-12-10,0
2020-12-11,0
2020-12-12,0
2020-12-13,0
2020-12-14,0
2020-12-15,0
2020-12-16,0
2020-12-17,0
2020-12-18,1
2020-12-19,0
2020-12-20,0
2020-12-21,0
2020-12-22,0
2020-12-23,0
2020-12-24,0
2020-12-25,0
2020-12-26,0
2020-12-27,0
2020-12-28,0
2020-12-29,0
2020-12-30,0
2020-12-31,0
2021-01-01,0
2021-01-02,0
2021-01-03,0
2021-01-04,0
2021-01-05,0
2021-01-06,0
2021-01-07,1
2021-01-08,3
2021-01-09,1
2021-01-10,1
2021-01-11,0
2021-01-12,0
2021-01-13,1
2021-01-14,0
2021-01-15,1
2021-01-16,0
2021-01-17,0
2021-01-18,0
2021-01-19,0
2021-01-20,0
2021-01-21,0
2021-01-22,0
2021-01-23,2
2021-01-24,1
2021-01-25,0
2021-01-26,2
2021-01-27,0
2021-01-28,0
2021-01-29,1
2021-01-30,2
2021-01-31,0
2021-02-01,0
2021-02-02,0
2021-02-03,1
2021-02-04,0
2021-02-05,1
2021-02-06,0
2021-02-07,0
2021-02-08,2
2021-02-09,0
2021-02-10,0
2021-02-11,3
2021-02-12,1
2021-02-13,0
2021-02-14,0
2021-02-15,0
2021-02-16,0
2021-02-17,1
2021-02-18,0
2021-02-19,0
2021-02-20,0
2021-02-21,0
2021-02-22,0
2021-02-23,0
2021-02-24,0
2021-02-25,0
2021-02-26,0
2021-02-27,0
2021-02-28,0
2021-03-01,0
2021-03-02,1
2021-03-03,0
2021-03-04,0
2021-03-05,0
2021-03-06,0
2021-03-07,0
2021-03-08,0
2021-03-09,1
2021-03-10,0
2021-03-11,1
2021-03-12,0
2021-03-13,0
2021-03-14,0
2021-03-15,1
2021-03-16,1
2021-03-17,0
2021-03-18,3
2021-03-19,0
2021-03-20,3
2021-03-21,1
2021-03-22,0
2021-03-23,0
2021-03-24,1
2021-03-25,0
2021-03-26,1
2021-03-27,0
2021-03-28,0
2021-03-29,0
2021-03-30,0
2021-03-31,0
2021-04-01,0
2021-04-02,0
2021-04-03,1
2021-04-04,0
2021-04-05,0
2021-04-06,2
2021-04-07,0
2021-04-08,1
2021-04-09,1
2021-04-10,0
2021-04-11,0
2021-04-12,1
2021-04-13,0
2021-04-14,2
2021-04-15,1
2021-04-16,10
2021-04-17,9
2021-04-18,1
2021-04-19,6
2021-04-20,4
2021-04-21,15
2021-04-22,33
2021-04-23,12
2021-04-24,1
2021-04-25,0
2021-04-26,4
2021-04-27,6
2021-04-28,0
2021-04-29,0
2021-04-30,1
2021-05-01,5
2021-05-02,0
2021-05-03,2
2021-05-04,1
2021-05-05,0
2021-05-06,0
2021-05-07,4
2021-05-08,1
2021-05-09,0
2021-05-10,1
2021-05-11,2
2021-05-12,1
2021-05-13,1
2021-05-14,1
2021-05-15,0
2021-05-16,1
2021-05-17,0
2021-05-18,0
2021-05-19,2
2021-05-20,0
2021-05-21,5
2021-05-22,1
2021-05-23,0
2021-05-24,1
2021-05-25,1
2021-05-26,9
2021-05-27,4
2021-05-28,3
2021-05-29,3
2021-05-30,2
2021-05-31,3
2021-06-01,1
2021-06-02,0
2021-06-03,1
2021-06-04,2
2021-06-05,1
2021-06-06,3
2021-06-07,0
2021-06-08,1
2021-06-09,2
2021-06-10,2
2021-06-11,2
2021-06-12,1
2021-06-13,0
2021-06-14,0
2021-06-15,2
2021-06-16,0
2021-06-17,1
2021-06-18,0
2021-06-19,0
2021-06-20,0
2021-06-21,0
2021-06-22,0
2021-06-23,0
2021-06-24,0
2021-06-25,0
2021-06-26,5
2021-06-27,0
2021-06-28,3
2021-06-29,0
2021-06-30,1
2021-07-01,1
2021-07-02,0
2021-07-03,0
2021-07-04,0
2021-07-05,0
2021-07-06,0
2021-07-07,0
2021-07-08,0
2021-07-09,0
2021-07-10,0
2021-07-11,0
2021-07-12,0
2021-07-13,0
2021-07-14,0
2021-07-15,0
2021-07-16,0
2021-07-17,1
2021-07-18,0
2021-07-19,0
2021-07-20,2
2021-07-21,0
2021-07-22,0
2021-07-23,0
2021-07-24,0
2021-07-25,1
2021-07-26,0
2021-07-27,0
2021-07-28,0
2021-07-29,0
2021-07-30,2
2021-07-31,2
2021-08-01,2
2021-08-02,5
2021-08-03,2
2021-08-04,1
2021-08-05,2
2021-08-06,0
2021-08-07,1
2021-08-08,0
2021-08-09,3
2021-08-10,0
2021-08-11,1
2021-08-12,0
2021-08-13,1
2021-08-14,0
2021-08-15,0
2021-08-16,1
2021-08-17,0
2021-08-18,0
2021-08-19,1
2021-08-20,0
2021-08-21,1
2021-08-22,0
2021-08-23,0
2021-08-24,1
2021-08-25,0
2021-08-26,0
2021-08-27,0
2021-08-28,2
2021-08-29,0
2021-08-30,0
2021-08-31,0
2021-09-01,1
2021-09-02,1
2021-09-03,0
2021-09-04,1
2021-09-05,0
2021-09-06,0
2021-09-07,1
2021-09-08,1
2021-09-09,1
2021-09-10,0
2021-09-11,0
2021-09-12,1
2021-09-13,0
2021-09-14,2
2021-09-15,0
2021-09-16,2
2021-09-17,0
2021-09-18,0
2021-09-19,0
2021-09-20,0
2021-09-21,0
2021-09-22,0
2021-09-23,2
2021-09-24,4
2021-09-25,0
2021-09-26,0
2021-09-27,14
2021-09-28,14
2021-09-29,11
2021-09-30,27
2021-10-01,43
2021-10-02,76
2021-10-03,39
2021-10-04,48
2021-10-05,54
2021-10-06,109
2021-10-07,120
2021-10-08,157
2021-10-09,593
2021-10-10,36
2021-10-11,81
2021-10-12,21
2021-10-13,19
2021-10-14,13
2021-10-15,20
2021-10-16,60
2021-10-17,101
2021-10-18,85
2021-10-19,219
2021-10-20,154
2021-10-21,106
2021-10-22,75
2021-10-23,223
2021-10-24,229
2021-10-25,118
2021-10-26,116
2021-10-27,80
2021-10-28,103
2021-10-29,52
2021-10-30,140
2021-10-31,98
2021-11-01,142
2021-11-02,183
2021-11-03,174
2021-11-04,193
2021-11-05,83
2021-11-06,57
2021-11-07,93
2021-11-08,165
2021-11-09,76
2021-11-10,102
2021-11-11,125
2021-11-12,138
2021-11-13,152
2021-11-14,123
2021-11-15,102
2021-11-16,141
2021-11-17,187
2021-11-18,73
2021-11-19,41
2021-11-20,115
2021-11-21,116
2021-11-22,137
2021-11-23,172
2021-11-24,98
2021-11-25,141
2021-11-26,93
2021-11-27,75
2021-11-28,94
2021-11-29,133
2021-11-30,221
2021-12-01,251
2021-12-02,203
2021-12-03,177
2021-12-04,83
2021-12-05,142
2021-12-06,149
2021-12-07,115
2021-12-08,168
2021-12-09,100
2021-12-10,95
2021-12-11,82
2021-12-12,116
2021-12-13,197
2021-12-14,202
2021-12-15,182
2021-12-16,253
2021-12-17,326
2021-12-18,148
2021-12-19,122
2021-12-20,247
2021-12-21,101
2021-12-22,107
2021-12-23,123
2021-12-24,37
2021-12-25,58
2021-12-26,73
2021-12-27,72
2021-12-28,36
2021-12-29,93
2021-12-30,18
2021-12-31,18
2022-01-01,16
2022-01-02,110
2022-01-03,66
2022-01-04,144
2022-01-05,159
2022-01-06,196
2022-01-07,122
2022-01-08,184
2022-01-09,115
2022-01-10,127
2022-01-11,210
2022-01-12,372
2022-01-13,257
2022-01-14,109
2022-01-15,121
2022-01-16,85
2022-01-17,163
2022-01-18,92
2022-01-19,67
2022-01-20,383
2022-01-21,323
2022-01-22,153
2022-01-23,159
2022-01-24,245
2022-01-25,235
2022-01-26,173
2022-01-27,101
2022-01-28,81
2022-01-29,46
2022-01-30,91
2022-01-31,99
2022-02-01,146
2022-02-02,131
2022-02-03,111
2022-02-04,105
2022-02-05,126
2022-02-06,152
2022-02-07,289
2022-02-08,356
2022-02-09,242
2022-02-10,145
2022-02-11,129
2022-02-12,53
2022-02-13,99
2022-02-14,102
2022-02-15,118
2022-02-16,115
2022-02-17,167
2022-02-18,210
2022-02-19,129
2022-02-20,83
2022-02-21,178
2022-02-22,44
2022-02-23,71
2022-02-24,44
2022-02-25,50
2022-02-26,33
2022-02-27,46
2022-02-28,43
2022-03-01,51
2022-03-02,67
2022-03-03,109
2022-03-04,42
2022-03-05,27
2022-03-06,65
2022-03-07,69
2022-03-08,56
2022-03-09,60
2022-03-10,95
2022-03-11,61
2022-03-12,36
2022-03-13,62
2022-03-14,73
2022-03-15,83
2022-03-16,103
2022-03-17,81
2022-03-18,89
2022-03-19,43
2022-03-20,79
2022-03-21,74
2022-03-22,71
2022-03-23,66
2022-03-24,70
2022-03-25,63
2022-03-26,166
2022-03-27,181
2022-03-28,141
2022-03-29,119
2022-03-30,118
2022-03-31,112
2022-04-01,113
2022-04-02,107
2022-04-03,218
2022-04-04,288
2022-04-05,217
2022-04-06,240
2022-04-07,186
2022-04-08,136
2022-04-09,89
2022-04-10,131
2022-04-11,202
2022-04-12,208
2022-04-13,190
2022-04-14,141
2022-04-15,138
2022-04-16,149
2022-04-17,250
2022-04-18,352
2022-04-19,229
2022-04-20,174
2022-04-21,206
2022-04-22,148
2022-04-23,154
2022-04-24,213
2022-04-25,284
2022-04-26,277
2022-04-27,187
2022-04-28,237
2022-04-29,217
2022-04-30,160
2022-05-01,237
2022-05-02,298
2022-05-03,291
2022-05-04,306
2022-05-05,269
2022-05-06,229
2022-05-07,145
2022-05-08,175
2022-05-09,232
2022-05-10,190
2022-05-11,220
2022-05-12,232
2022-05-13,164
2022-05-14,213
2022-05-15,212
2022-05-16,245
2022-05-17,187
2022-05-18,238
2022-05-19,175
2022-05-20,162
2022-05-21,221
2022-05-22,198
2022-05-23,193
2022-05-24,206
2022-05-25,218
2022-05-26,136
2022-05-27,130
2022-05-28,80
2022-05-29,110
2022-05-30,197
2022-05-31,163
2022-06-01,164
2022-06-02,232
2022-06-03,157
2022-06-04,134
2022-06-05,218
2022-06-06,159
2022-06-07,168
2022-06-08,168
2022-06-09,250
2022-06-10,175
2022-06-11,204
2022-06-12,222
2022-06-13,455
2022-06-14,434
2022-06-15,223
2022-06-16,184
2022-06-17,135
2022-06-18,140
2022-06-19,141
2022-06-20,207
2022-06-21,195
2022-06-22,197
2022-06-23,198
2022-06-24,170
2022-06-25,118
2022-06-26,126
2022-06-27,147
2022-06-28,148
2022-06-29,185
2022-06-30,203
2022-07-01,114
2022-07-02,75
2022-07-03,189
2022-07-04,313
2022-07-05,206
2022-07-06,194
2022-07-07,164
2022-07-08,104
2022-07-09,97
2022-07-10,108
2022-07-11,132
2022-07-12,103
2022-07-13,137
2022-07-14,111
2022-07-15,86
2022-07-16,129
2022-07-17,154
2022-07-18,159
2022-07-19,130
2022-07-20,103
2022-07-21,113
2022-07-22,97
2022-07-23,60
2022-07-24,52
2022-07-25,110
2022-07-26,87
2022-07-27,81
2022-07-28,72
2022-07-29,71
2022-07-30,53
2022-07-31,96
2022-08-01,70
2022-08-02,129
2022-08-03,139
2022-08-04,83
2022-08-05,59
2022-08-06,62
2022-08-07,134
2022-08-08,102
2022-08-09,110
2022-08-10,109
2022-08-11,77
2022-08-12,58
2022-08-13,58
2022-08-14,65
2022-08-15,100
2022-08-16,74
2022-08-17,124
2022-08-18,81
2022-08-19,68
2022-08-20,71
2022-08-21,87
2022-08-22,130
2022-08-23,120
2022-08-24,228
2022-08-25,151
2022-08-26,124
2022-08-27,142
2022-08-28,166
2022-08-29,193
2022-08-30,174
2022-08-31,159
2022-09-01,183
2022-09-02,181
2022-09-03,215
2022-09-04,379
2022-09-05,356
2022-09-06,362
2022-09-07,300
2022-09-08,415
2022-09-09,257
2022-09-10,161
2022-09-11,315
2022-09-12,251
2022-09-13,313
2022-09-14,393
2022-09-15,283
2022-09-16,231
2022-09-17,134
2022-09-18,246
2022-09-19,245
2022-09-20,191
2022-09-21,209
2022-09-22,237
2022-09-23,160
2022-09-24,212
2022-09-25,278
2022-09-26,322
2022-09-27,350
2022-09-28,374
2022-09-29,328
2022-09-30,317
2022-10-01,273
2022-10-02,337
2022-10-03,300
2022-10-04,306
2022-10-05,347
2022-10-06,284
2022-10-07,197
2022-10-08,208
2022-10-09,264
2022-10-10,260
2022-10-11,234
2022-10-12,349
2022-10-13,271
2022-10-14,164
2022-10-15,156
2022-10-16,210
2022-10-17,211
2022-10-18,302
2022-10-19,297
2022-10-20,264
2022-10-21,195
2022-10-22,174
2022-10-23,394
2022-10-24,319
2022-10-25,345
2022-10-26,303
2022-10-27,231
2022-10-28,172
2022-10-29,193
2022-10-30,286
2022-10-31,294
2022-11-01,320
2022-11-02,350
2022-11-03,318
2022-11-04,232
2022-11-05,185
2022-11-06,242
2022-11-07,268
2022-11-08,320
2022-11-09,310
2022-11-10,431
2022-11-11,322
2022-11-12,251
2022-11-13,247
2022-11-14,304
2022-11-15,375
2022-11-16,393
2022-11-17,304
2022-11-18,232
2022-11-19,213
2022-11-20,264
2022-11-21,301
2022-11-22,243
2022-11-23,227
2022-11-24,262
2022-11-25,205
2022-11-26,202
2022-11-27,428
2022-11-28,340
2022-11-29,320
2022-11-30,299
2022-12-01,324
2022-12-02,217
2022-12-03,141
2022-12-04,246
2022-12-05,280
2022-12-06,303
2022-12-07,276
2022-12-08,239
2022-12-09,132
2022-12-10,189
2022-12-11,297
2022-12-12,273
2022-12-13,215
2022-12-14,204
2022-12-15,199
2022-12-16,182
2022-12-17,138
2022-12-18,141
2022-12-19,137
2022-12-20,126
2022-12-21,120
2022-12-22,115
2022-12-23,47
2022-12-24,26
2022-12-25,39
2022-12-26,94
2022-12-27,125
2022-12-28,120
2022-12-29,66
2022-12-30,50
2022-12-31,37
2023-01-01,48
2023-01-02,95
2023-01-03,142
2023-01-04,136
2023-01-05,128
2023-01-06,106
2023-01-07,132
2023-01-08,146
2023-01-09,160
2023-01-10,170
2023-01-11,197
2023-01-12,188
2023-01-13,109
2023-01-14,137
2023-01-15,173
2023-01-16,203
2023-01-17,220
2023-01-18,177
2023-01-19,145
2023-01-20,158
2023-01-21,268
2023-01-22,219
2023-01-23,216
2023-01-24,201
2023-01-25,234
2023-01-26,261
2023-01-27,181
2023-01-28,265
2023-01-29,476
2023-01-30,328
2023-01-31,243
2023-02-01,193
2023-02-02,284
2023-02-03,214
2023-02-04,156
2023-02-05,244
2023-02-06,385
2023-02-07,345
2023-02-08,348
2023-02-09,265
2023-02-10,182
2023-02-11,362
2023-02-12,349
2023-02-13,344
2023-02-14,220
2023-02-15,326
2023-02-16,243
2023-02-17,113
2023-02-18,295
2023-02-19,277
2023-02-20,248
2023-02-21,296
2023-02-22,312
2023-02-23,394
2023-02-24,223
2023-02-25,229
2023-02-26,248
2023-02-27,343
2023-02-28,296
2023-03-01,259
2023-03-02,268
2023-03-03,317
2023-03-04,289
2023-03-05,379
2023-03-06,366
2023-03-07,261
2023-03-08,333
2023-03-09,328
2023-03-10,274
2023-03-11,359
2023-03-12,381
2023-03-13,336
2023-03-14,250
2023-03-15,346
2023-03-16,296
2023-03-17,211
2023-03-18,443
2023-03-19,490
2023-03-20,495
2023-03-21,400
2023-03-22,586
2023-03-23,440
2023-03-24,280
2023-03-25,420
2023-03-26,778
2023-03-27,685
2023-03-28,557
2023-03-29,608
2023-03-30,753
2023-03-31,374
2023-04-01,419
2023-04-02,551
2023-04-03,345
2023-04-04,390
2023-04-05,342
2023-04-06,285
2023-04-07,262
2023-04-08,423
2023-04-09,430
2023-04-10,428
2023-04-11,535
2023-04-12,513
2023-04-13,479
2023-04-14,366
2023-04-15,532
2023-04-16,784
2023-04-17,774
2023-04-18,664
2023-04-19,829
2023-04-20,859
2023-04-21,489
2023-04-22,437
2023-04-23,652
2023-04-24,694
2023-04-25,698
2023-04-26,701
2023-04-27,682
2023-04-28,355
2023-04-29,242
2023-04-30,389
2023-05-01,636
2023-05-02,575
2023-05-03,600
2023-05-04,515
2023-05-05,435
2023-05-06,422
2023-05-07,494
2023-05-08,566
2023-05-09,524
2023-05-10,691
2023-05-11,613
2023-05-12,454
2023-05-13,441
2023-05-14,634
2023-05-15,674
2023-05-16,651
2023-05-17,662
2023-05-18,646
2023-05-19,533
2023-05-20,436
2023-05-21,614
2023-05-22,581
2023-05-23,633
2023-05-24,527
2023-05-25,585
2023-05-26,415
2023-05-27,409
2023-05-28,571
2023-05-29,787
2023-05-30,673
2023-05-31,699
2023-06-01,567
2023-06-02,338
2023-06-03,369
2023-06-04,562
2023-06-05,441
2023-06-06,457
2023-06-07,453
2023-06-08,461
2023-06-09,360
2023-06-10,353
2023-06-11,456
2023-06-12,455
2023-06-13,360
2023-06-14,494
2023-06-15,549
2023-06-16,353
2023-06-17,320
2023-06-18,383
2023-06-19,445
2023-06-20,438
2023-06-21,450
2023-06-22,541
2023-06-23,338
2023-06-24,328
2023-06-25,467
2023-06-26,450
2023-06-27,433
2023-06-28,392
2023-06-29,384
2023-06-30,337
2023-07-01,384
2023-07-02,494
2023-07-03,650
2023-07-04,495
2023-07-05,484
2023-07-06,385
2023-07-07,262
2023-07-08,206
2023-07-09,306
2023-07-10,351
2023-07-11,314
2023-07-12,307
2023-07-13,272
2023-07-14,217
2023-07-15,134
2023-07-16,203
2023-07-17,220
2023-07-18,227
2023-07-19,264
2023-07-20,235
2023-07-21,182
2023-07-22,172
2023-07-23,256
2023-07-24,236
2023-07-25,276
2023-07-26,206
2023-07-27,213
2023-07-28,160
2023-07-29,135
2023-07-30,172
2023-07-31,213
2023-08-01,199
2023-08-02,197
2023-08-03,241
2023-08-04,174
2023-08-05,212
2023-08-06,187
2023-08-07,176
2023-08-08,264
2023-08-09,193
2023-08-10,178
2023-08-11,149
2023-08-12,151
2023-08-13,189
2023-08-14,195
2023-08-15,175
2023-08-16,167
2023-08-17,202
2023-08-18,152
2023-08-19,121
2023-08-20,199
2023-08-21,218
2023-08-22,281
2023-08-23,311
2023-08-24,277
2023-08-25,218
2023-08-26,254
2023-08-27,511
2023-08-28,378
2023-08-29,394
2023-08-30,413
2023-08-31,350
2023-09-01,262
2023-09-02,348
2023-09-03,529
2023-09-04,554
2023-09-05,511
2023-09-06,551
2023-09-07,441
2023-09-08,383
2023-09-09,400
2023-09-10,592
2023-09-11,613
2023-09-12,570
2023-09-13,621
2023-09-14,538
2023-09-15,434
2023-09-16,408
2023-09-17,480
2023-09-18,499
2023-09-19,470
2023-09-20,647
2023-09-21,547
2023-09-22,403
2023-09-23,443
2023-09-24,742
2023-09-25,765
2023-09-26,671
2023-09-27,751
2023-09-28,795
2023-09-29,498
2023-09-30,520
2023-10-01,590
2023-10-02,549
2023-10-03,633
2023-10-04,610
2023-10-05,601
2023-10-06,460
2023-10-07,439
2023-10-08,668
2023-10-09,620
2023-10-10,553
2023-10-11,645
2023-10-12,534
2023-10-13,399
2023-10-14,325
2023-10-15,437
2023-10-16,589
2023-10-17,546
2023-10-18,536
2023-10-19,524
2023-10-20,402
2023-10-21,418
2023-10-22,532
2023-10-23,635
2023-10-24,641
2023-10-25,535
2023-10-26,497
2023-10-27,369
2023-10-28,358
2023-10-29,498
2023-10-30,401
2023-10-31,410
2023-11-01,396
2023-11-02,449
2023-11-03,370
2023-11-04,307
2023-11-05,455
2023-11-06,531
2023-11-07,494
2023-11-08,595
2023-11-09,404
2023-11-10,338
2023-11-11,403
2023-11-12,522
2023-11-13,459
2023-11-14,538
2023-11-15,480
2023-11-16,467
2023-11-17,399
2023-11-18,333
2023-11-19,517
2023-11-20,577
2023-11-21,435
2023-11-22,509
2023-11-23,501
2023-11-24,372
2023-11-25,329
2023-11-26,348
2023-11-27,483
2023-11-28,499
2023-11-29,420
2023-11-30,367
2023-12-01,303
2023-12-02,280
2023-12-03,399
2023-12-04,429
2023-12-05,413
2023-12-06,406
2023-12-07,328
2023-12-08,294
2023-12-09,314
2023-12-10,523
2023-12-11,477
2023-12-12,457
2023-12-13,395
2023-12-14,315
2023-12-15,192
2023-12-16,186
2023-12-17,295
2023-12-18,267
2023-12-19,281
2023-12-20,303
2023-12-21,184
2023-12-22,125
2023-12-23,91
2023-12-24,63
2023-12-25,102
2023-12-26,130
2023-12-27,288
2023-12-28,243
2023-12-29,143
2023-12-30,126
2023-12-31,73
2024-01-01,122
2024-01-02,164
2024-01-03,194
2024-01-04,234
2024-01-05,181
2024-01-06,150
2024-01-07,287
2024-01-08,400
2024-01-09,311
2024-01-10,267
2024-01-11,297
2024-01-12,198
2024-01-13,205
2024-01-14,285
2024-01-15,226
2024-01-16,260
2024-01-17,319
2024-01-18,253
2024-01-19,165
2024-01-20,198
2024-01-21,243
2024-01-22,298
2024-01-23,255
2024-01-24,431
2024-01-25,292
2024-01-26,200
2024-01-27,274
2024-01-28,229
2024-01-29,295
2024-01-30,225
2024-01-31,335
2024-02-01,352
2024-02-02,232
2024-02-03,189
2024-02-04,221
2024-02-05,286
2024-02-06,293
2024-02-07,244
2024-02-08,310
2024-02-09,193
2024-02-10,207
2024-02-11,280
2024-02-12,267
2024-02-13,323
2024-02-14,270
2024-02-15,389
2024-02-16,221
2024-02-17,226
2024-02-18,331
2024-02-19,340
2024-02-20,333
2024-02-21,292
2024-02-22,328
2024-02-23,226
2024-02-24,255
2024-02-25,386
2024-02-26,379
2024-02-27,364
2024-02-28,411
2024-02-29,461
2024-03-01,228
2024-03-02,261
2024-03-03,446
2024-03-04,397
2024-03-05,443
2024-03-06,427
2024-03-07,409
2024-03-08,266
2024-03-09,345
2024-03-10,484
2024-03-11,488
2024-03-12,523
2024-03-13,511
2024-03-14,486
2024-03-15,349
2024-03-16,373
2024-03-17,441
2024-03-18,528
2024-03-19,522
2024-03-20,543
2024-03-21,458
2024-03-22,296
2024-03-23,287
2024-03-24,378
2024-03-25,358
2024-03-26,632
2024-03-27,791
2024-03-28,575
2024-03-29,513
2024-03-30,575
2024-03-31,682
2024-04-01,719
2024-04-02,735
2024-04-03,755
2024-04-04,763
2024-04-05,474
2024-04-06,719
2024-04-07,1052
2024-04-08,835
2024-04-09,838
2024-04-10,766
2024-04-11,759
2024-04-12,475
2024-04-13,640
2024-04-14,925
2024-04-15,896
2024-04-16,941
2024-04-17,892
2024-04-18,825
2024-04-19,640
2024-04-20,591
2024-04-21,635
2024-04-22,681
2024-04-23,847
2024-04-24,780
2024-04-25,737
2024-04-26,528
2024-04-27,549
2024-04-28,804
2024-04-29,563
2024-04-30,449
2024-05-01,661
2024-05-02,643
2024-05-03,468
2024-05-04,424
2024-05-05,594
2024-05-06,612
2024-05-07,572
2024-05-08,694
2024-05-09,732
2024-05-10,506
2024-05-11,384
2024-05-12,518
2024-05-13,514
2024-05-14,549
2024-05-15,665
2024-05-16,595
2024-05-17,419
2024-05-18,449
2024-05-19,511
2024-05-20,461
2024-05-21,558
2024-05-22,571
2024-05-23,531
2024-05-24,336
2024-05-25,392
2024-05-26,498
2024-05-27,463
2024-05-28,493
2024-05-29,477
2024-05-30,431
2024-05-31,319
2024-06-01,294
2024-06-02,447
2024-06-03,511
2024-06-04,510
2024-06-05,444
2024-06-06,435
2024-06-07,382
2024-06-08,394
2024-06-09,564
2024-06-10,480
2024-06-11,418
2024-06-12,546
2024-06-13,527
2024-06-14,310
2024-06-15,283
2024-06-16,434
2024-06-17,402
2024-06-18,373
2024-06-19,359
2024-06-20,361
2024-06-21,308
2024-06-22,280
2024-06-23,377
2024-06-24,386
2024-06-25,392
2024-06-26,394
2024-06-27,372
2024-06-28,258
2024-06-29,253
2024-06-30,360
2024-07-01,387
2024-07-02,347
2024-07-03,287
2024-07-04,287
2024-07-05,212
2024-07-06,226
2024-07-07,338
2024-07-08,282
2024-07-09,325
2024-07-10,298
2024-07-11,258
2024-07-12,245
2024-07-13,155
2024-07-14,184
2024-07-15,225
2024-07-16,232
2024-07-17,200
2024-07-18,212
2024-07-19,150
2024-07-20,154
2024-07-21,201
2024-07-22,238
2024-07-23,202
2024-07-24,149
2024-07-25,158
2024-07-26,130
2024-07-27,99
2024-07-28,125
2024-07-29,167
2024-07-30,167
2024-07-31,151
2024-08-01,155
2024-08-02,161
2024-08-03,100
2024-08-04,143
2024-08-05,166
2024-08-06,179
2024-08-07,190
2024-08-08,183
2024-08-09,128
2024-08-10,152
2024-08-11,187
2024-08-12,231
2024-08-13,227
2024-08-14,313
2024-08-15,274
2024-08-16,211
2024-08-17,252
2024-08-18,415
2024-08-19,391
2024-08-20,379
2024-08-21,319
2024-08-22,321
2024-08-23,194
2024-08-24,221
2024-08-25,445
2024-08-26,398
2024-08-27,376
2024-08-28,452
2024-08-29,428
2024-08-30,268
2024-08-31,275
2024-09-01,422
2024-09-02,402
2024-09-03,436
2024-09-04,396
2024-09-05,388
2024-09-06,319
2024-09-07,347
2024-09-08,478
2024-09-09,524
2024-09-10,484
2024-09-11,537
2024-09-12,486
2024-09-13,282
2024-09-14,292
2024-09-15,351
2024-09-16,466
2024-09-17,365
2024-09-18,395
2024-09-19,453
2024-09-20,428
2024-09-21,347
2024-09-22,521
2024-09-23,546
2024-09-24,641
2024-09-25,551
2024-09-26,500
2024-09-27,358
2024-09-28,414
2024-09-29,594
2024-09-30,483
2024-10-01,506
2024-10-02,507
2024-10-03,481
2024-10-04,353
2024-10-05,385
2024-10-06,539
2024-10-07,567
2024-10-08,502
2024-10-09,505
2024-10-10,454
2024-10-11,342
2024-10-12,311
2024-10-13,519
2024-10-14,447
2024-10-15,520
2024-10-16,511
2024-10-17,489
2024-10-18,259
2024-10-19,252
2024-10-20,435
2024-10-21,450
2024-10-22,427
2024-10-23,458
2024-10-24,474
2024-10-25,380
2024-10-26,272
2024-10-27,393
2024-10-28,369
2024-10-29,397
2024-10-30,374
2024-10-31,237
2024-11-01,229
2024-11-02,299
2024-11-03,327
2024-11-04,435
2024-11-05,352
2024-11-06,388
2024-11-07,463
2024-11-08,339
2024-11-09,242
2024-11-10,295
2024-11-11,386
2024-11-12,390
2024-11-13,388
2024-11-14,300
2024-11-15,212
2024-11-16,228
2024-11-17,360
2024-11-18,352
2024-11-19,373
2024-11-20,339
2024-11-21,416
2024-11-22,313
2024-11-23,276
2024-11-24,336
2024-11-25,321
2024-11-26,314
2024-11-27,296
2024-11-28,291
2024-11-29,205
2024-11-30,233
2024-12-01,329
2024-12-02,321
2024-12-03,348
2024-12-04,297
2024-12-05,317
2024-12-06,276
2024-12-07,186
2024-12-08,261
2024-12-09,301
2024-12-10,252
2024-12-11,205
2024-12-12,272
2024-12-13,138
2024-12-14,132
2024-12-15,217
2024-12-16,225
2024-12-17,206
2024-12-18,154
2024-12-19,124
2024-12-20,59
2024-12-21,38
2024-12-22,56
2024-12-23,66
2024-12-24,36
2024-12-25,64
2024-12-26,91
2024-12-27,101
2024-12-28,82
2024-12-29,65
2024-12-30,82
2024-12-31,49
2025-01-01,55
2025-01-02,86
2025-01-03,104
2025-01-04,129
2025-01-05,130
2025-01-06,126
2025-01-07,170
2025-01-08,167
2025-01-09,147
2025-01-10,124
2025-01-11,146
2025-01-12,142
2025-01-13,176
2025-01-14,178
2025-01-15,133
2025-01-16,170
2025-01-17,112
2025-01-18,130
2025-01-19,175
2025-01-20,174
2025-01-21,166
2025-01-22,209
2025-01-23,213
2025-01-24,150
2025-01-25,125
2025-01-26,163
2025-01-27,176
2025-01-28,180
2025-01-29,143
2025-01-30,230
2025-01-31,131
2025-02-01,130
2025-02-02,183
2025-02-03,191
2025-02-04,228
2025-02-05,162
2025-02-06,207
2025-02-07,157
2025-02-08,155
2025-02-09,192
2025-02-10,191
2025-02-11,199
2025-02-12,242
2025-02-13,244
2025-02-14,132
2025-02-15,135
2025-02-16,228
2025-02-17,204
2025-02-18,275
2025-02-19,247
2025-02-20,248
2025-02-21,150
2025-02-22,146
2025-02-23,262
2025-02-24,206
2025-02-25,259
2025-02-26,238
2025-02-27,247
2025-02-28,147
2025-03-01,135
2025-03-02,195
2025-03-03,227
2025-03-04,217
2025-03-05,221
2025-03-06,207
2025-03-07,146
2025-03-08,159
2025-03-09,282
2025-03-10,296
2025-03-11,315
2025-03-12,286
2025-03-13,303
2025-03-14,208
2025-03-15,169
2025-03-16,246
2025-03-17,237
2025-03-18,249
2025-03-19,262
2025-03-20,244
2025-03-21,200
2025-03-22,212
2025-03-23,280
2025-03-24,392
2025-03-25,313
2025-03-26,366
2025-03-27,352
2025-03-28,219
2025-03-29,269
2025-03-30,355
2025-03-31,326
2025-04-01,339
2025-04-02,310
2025-04-03,300
2025-04-04,236
2025-04-05,257
2025-04-06,398
2025-04-07,383
2025-04-08,455
2025-04-09,478
2025-04-10,403
2025-04-11,221
2025-04-12,232
2025-04-13,290
2025-04-14,281
2025-04-15,235
2025-04-16,234
2025-04-17,226
2025-04-18,263
2025-04-19,283
2025-04-20,373
2025-04-21,397
2025-04-22,366
2025-04-23,383
2025-04-24,358
2025-04-25,272
2025-04-26,222
2025-04-27,355
2025-04-28,354
2025-04-29,256
2025-04-30,236
2025-05-01,279
2025-05-02,234
2025-05-03,298
2025-05-04,409
2025-05-05,315
2025-05-06,392
2025-05-07,441
2025-05-08,402
2025-05-09,309
2025-05-10,203
2025-05-11,295
2025-05-12,342
2025-05-13,351
2025-05-14,357
2025-05-15,343
2025-05-16,298
2025-05-17,254
2025-05-18,335
2025-05-19,366
2025-05-20,336
2025-05-21,380
2025-05-22,405
2025-05-23,260
2025-05-24,242
2025-05-25,297
2025-05-26,303
2025-05-27,248
2025-05-28,300
2025-05-29,380
2025-05-30,246
2025-05-31,208
2025-06-01,272
2025-06-02,307
2025-06-03,293
2025-06-04,288
2025-06-05,278
2025-06-06,232
2025-06-07,209
2025-06-08,275
2025-06-09,295
2025-06-10,294
2025-06-11,342
2025-06-12,297
2025-06-13,163
2025-06-14,155
2025-06-15,192
2025-06-16,298
2025-06-17,256
2025-06-18,248
2025-06-19,233
2025-06-20,148
2025-06-21,142
2025-06-22,189
2025-06-23,229
2025-06-24,275
2025-06-25,277
2025-06-26,223
2025-06-27,210
2025-06-28,169
2025-06-29,215
2025-06-30,258
2025-07-01,201
2025-07-02,214
2025-07-03,218
2025-07-04,130
2025-07-05,95
2025-07-06,146
2025-07-07,187
2025-07-08,170
2025-07-09,175
2025-07-10,152
2025-07-11,90
2025-07-12,95
2025-07-13,173
2025-07-14,189
2025-07-15,174
2025-07-16,150
2025-07-17,134
2025-07-18,113
2025-07-19,71
2025-07-20,91
2025-07-21,129
2025-07-22,124
2025-07-23,112
2025-07-24,100
2025-07-25,83
2025-07-26,67
2025-07-27,85
2025-07-28,132
2025-07-29,114
2025-07-30,128
2025-07-31,110
2025-08-01,61
2025-08-02,60
2025-08-03,67
2025-08-04,100
2025-08-05,72
2025-08-06,99
2025-08-07,91
2025-08-08,69
2025-08-09,58
2025-08-10,57
2025-08-11,87
2025-08-12,107
2025-08-13,120
2025-08-14,112
2025-08-15,60
2025-08-16,73
2025-08-17,72
2025-08-18,80
2025-08-19,119
2025-08-20,158
2025-08-21,139
2025-08-22,119
2025-08-23,103
2025-08-24,146
2025-08-25,197
2025-08-26,156
2025-08-27,189
2025-08-28,174
2025-08-29,121
2025-08-30,133
2025-08-31,196
2025-09-01,213
2025-09-02,225
2025-09-03,210
2025-09-04,187
2025-09-05,151
2025-09-06,232
2025-09-07,316
2025-09-08,246
2025-09-09,289
2025-09-10,285
2025-09-11,307
2025-09-12,158
2025-09-13,125
2025-09-14,201
2025-09-15,206
2025-09-16,248
2025-09-17,279
2025-09-18,271
2025-09-19,203
2025-09-20,186
2025-09-21,261
2025-09-22,344
2025-09-23,370
2025-09-24,371
2025-09-25,312
2025-09-26,218
2025-09-27,205
2025-09-28,231
2025-09-29,325
2025-09-30,269
2025-10-01,261
2025-10-02,230
2025-10-03,182
2025-10-04,168
2025-10-05,276
2025-10-06,276
2025-10-07,248
2025-10-08,279
2025-10-09,256
2025-10-10,171
2025-10-11,150
2025-10-12,252
2025-10-13,252
2025-10-14,240
2025-10-15,299
2025-10-16,246
2025-10-17,181
2025-10-18,163
2025-10-19,224
2025-10-20,221
2025-10-21,194
2025-10-22,232
2025-10-23,246
2025-10-24,145
2025-10-25,139
2025-10-26,197
2025-10-27,194
2025-10-28,214
2025-10-29,219
2025-10-30,220
2025-10-31,149
2025-11-01,121
2025-11-02,192
2025-11-03,242
2025-11-04,190
2025-11-05,237
2025-11-06,177
2025-11-07,150
2025-11-08,138
2025-11-09,175
2025-11-10,240
2025-11-11,269
2025-11-12,255
2025-11-13,233
2025-11-14,164
2025-11-15,135
2025-11-16,150
2025-11-17,238
2025-11-18,247
2025-11-19,265
2025-11-20,238
2025-11-21,194
2025-11-22,127
2025-11-23,180
2025-11-24,214
2025-11-25,225
2025-11-26,206
2025-11-27,200
2025-11-28,139
2025-11-29,143
2025-11-30,171
2025-12-01,302
2025-12-02,331
2025-12-03,247
2025-12-04,179
2025-12-05,103
2025-12-06,100
2025-12-07,120
2025-12-08,167
2025-12-09,183
2025-12-10,166
2025-12-11,170
2025-12-12,68
2025-12-13,82
2025-12-14,123
2025-12-15,134
2025-12-16,120
2025-12-17,144
2025-12-18,67
2025-12-19,41
2025-12-20,29
2025-12-21,54
2025-12-22,53
2025-12-23,39
2025-12-24,21
2025-12-25,28
2025-12-26,38
2025-12-27,38
2025-12-28,40
2025-12-29,45
2025-12-30,40
2025-12-31,33
2026-01-01,16
2026-01-02,42
2026-01-03,35
2026-01-04,52
2026-01-05,74
2026-01-06,71
2026-01-07,79
2026-01-08,86
2026-01-09,64
2026-01-10,56
2026-01-11,72
2026-01-12,79
2026-01-13,99
2026-01-14,88
2026-01-15,83
2026-01-16,93
2026-01-17,72
2026-01-18,76
2026-01-19,115
2026-01-20,79
2026-01-21,87
2026-01-22,129
2026-01-23,72
2026-01-24,62
2026-01-25,106
2026-01-26,94
2026-01-27,105
2026-01-28,130
2026-01-29,104
2026-01-30,77
2026-01-31,54
2026-02-01,105
2026-02-02,115
2026-02-03,116
2026-02-04,133
2026-02-05,80
2026-02-06,74
2026-02-07,71
2026-02-08,105
2026-02-09,109
2026-02-10,142
2026-02-11,127
2026-02-12,101
2026-02-13,81
2026-02-14,51
2026-02-15,114
2026-02-16,124
2026-02-17,136
2026-02-18,177
2026-02-19,128
2026-02-20,124
2026-02-21,100
2026-02-22,114
2026-02-23,184
2026-02-24,134
2026-02-25,165
2026-02-26,106
2026-02-27,84
2026-02-28,87
2026-03-01,122
2026-03-02,118
2026-03-03,96
2026-03-04,157
2026-03-05,120
2026-03-06,93
2026-03-07,89
2026-03-08,107
2026-03-09,124
2026-03-10,161
2026-03-11,163
2026-03-12,162
2026-03-13,129
2026-03-14,120
2026-03-15,155
2026-03-16,167
2026-03-17,143
2026-03-18,155
2026-03-19,126
2026-03-20,106
2026-03-21,78
2026-03-22,81
2026-03-23,123
2026-03-24,141
2026-03-25,176
2026-03-26,139
2026-03-27,74
2026-03-28,118
2026-03-29,123
2026-03-30,123
2026-03-31,109
2026-04-01,152
2026-04-02,105
2026-04-03,93
2026-04-04,114
2026-04-05,126
2026-04-06,155
